SA3_CODE16,Year,AST,rsAST,COPD,rsCOPD,RESP,rsRESP
10102,2011,NA,NA,NA,NA,NA,NA
10103,2011,NA,NA,NA,NA,NA,NA
10104,2011,NA,NA,NA,NA,NA,NA
10105,2011,NA,NA,NA,NA,NA,NA
10106,2011,NA,NA,NA,NA,NA,NA
10201,2011,NA,NA,NA,NA,NA,NA
10202,2011,NA,NA,NA,NA,NA,NA
10301,2011,NA,NA,NA,NA,NA,NA
10302,2011,NA,NA,NA,NA,NA,NA
10303,2011,NA,NA,NA,NA,NA,NA
10304,2011,NA,NA,NA,NA,NA,NA
10401,2011,NA,NA,NA,NA,NA,NA
10402,2011,NA,NA,NA,NA,NA,NA
10501,2011,NA,NA,NA,NA,NA,NA
10502,2011,NA,NA,NA,NA,NA,NA
10503,2011,NA,NA,NA,NA,NA,NA
10601,2011,NA,NA,NA,NA,NA,NA
10602,2011,NA,NA,NA,NA,NA,NA
10603,2011,NA,NA,NA,NA,NA,NA
10604,2011,NA,NA,NA,NA,NA,NA
10701,2011,NA,NA,NA,NA,NA,NA
10702,2011,NA,NA,NA,NA,NA,NA
10703,2011,NA,NA,NA,NA,NA,NA
10704,2011,NA,NA,NA,NA,NA,NA
10801,2011,NA,NA,NA,NA,NA,NA
10802,2011,NA,NA,NA,NA,NA,NA
10803,2011,NA,NA,NA,NA,NA,NA
10804,2011,NA,NA,NA,NA,NA,NA
10805,2011,NA,NA,NA,NA,NA,NA
10901,2011,NA,NA,NA,NA,NA,NA
10902,2011,NA,NA,NA,NA,NA,NA
10903,2011,NA,NA,NA,NA,NA,NA
11001,2011,NA,NA,NA,NA,NA,NA
11002,2011,NA,NA,NA,NA,NA,NA
11003,2011,NA,NA,NA,NA,NA,NA
11004,2011,NA,NA,NA,NA,NA,NA
11101,2011,NA,NA,NA,NA,NA,NA
11102,2011,NA,NA,NA,NA,NA,NA
11103,2011,NA,NA,NA,NA,NA,NA
11201,2011,NA,NA,NA,NA,NA,NA
11202,2011,NA,NA,NA,NA,NA,NA
11203,2011,NA,NA,NA,NA,NA,NA
11301,2011,NA,NA,NA,NA,NA,NA
11302,2011,NA,NA,NA,NA,NA,NA
11303,2011,NA,NA,NA,NA,NA,NA
11401,2011,NA,NA,NA,NA,NA,NA
11402,2011,NA,NA,NA,NA,NA,NA
11501,2011,NA,NA,NA,NA,NA,NA
11502,2011,NA,NA,NA,NA,NA,NA
11503,2011,NA,NA,NA,NA,NA,NA
11504,2011,NA,NA,NA,NA,NA,NA
11601,2011,NA,NA,NA,NA,NA,NA
11602,2011,NA,NA,NA,NA,NA,NA
11603,2011,NA,NA,NA,NA,NA,NA
11701,2011,NA,NA,NA,NA,NA,NA
11702,2011,NA,NA,NA,NA,NA,NA
11703,2011,NA,NA,NA,NA,NA,NA
11801,2011,NA,NA,NA,NA,NA,NA
11802,2011,NA,NA,NA,NA,NA,NA
11901,2011,NA,NA,NA,NA,NA,NA
11902,2011,NA,NA,NA,NA,NA,NA
11903,2011,NA,NA,NA,NA,NA,NA
11904,2011,NA,NA,NA,NA,NA,NA
12001,2011,NA,NA,NA,NA,NA,NA
12002,2011,NA,NA,NA,NA,NA,NA
12003,2011,NA,NA,NA,NA,NA,NA
12101,2011,NA,NA,NA,NA,NA,NA
12102,2011,NA,NA,NA,NA,NA,NA
12103,2011,NA,NA,NA,NA,NA,NA
12104,2011,NA,NA,NA,NA,NA,NA
12201,2011,NA,NA,NA,NA,NA,NA
12202,2011,NA,NA,NA,NA,NA,NA
12203,2011,NA,NA,NA,NA,NA,NA
12301,2011,NA,NA,NA,NA,NA,NA
12302,2011,NA,NA,NA,NA,NA,NA
12303,2011,NA,NA,NA,NA,NA,NA
12401,2011,NA,NA,NA,NA,NA,NA
12402,2011,NA,NA,NA,NA,NA,NA
12403,2011,NA,NA,NA,NA,NA,NA
12404,2011,NA,NA,NA,NA,NA,NA
12405,2011,NA,NA,NA,NA,NA,NA
12501,2011,NA,NA,NA,NA,NA,NA
12502,2011,NA,NA,NA,NA,NA,NA
12503,2011,NA,NA,NA,NA,NA,NA
12504,2011,NA,NA,NA,NA,NA,NA
12601,2011,NA,NA,NA,NA,NA,NA
12602,2011,NA,NA,NA,NA,NA,NA
12701,2011,NA,NA,NA,NA,NA,NA
12702,2011,NA,NA,NA,NA,NA,NA
12703,2011,NA,NA,NA,NA,NA,NA
12801,2011,NA,NA,NA,NA,NA,NA
12802,2011,NA,NA,NA,NA,NA,NA
20101,2011,NA,NA,NA,NA,NA,NA
20102,2011,NA,NA,NA,NA,NA,NA
20103,2011,NA,NA,NA,NA,NA,NA
20201,2011,NA,NA,NA,NA,NA,NA
20202,2011,NA,NA,NA,NA,NA,NA
20203,2011,NA,NA,NA,NA,NA,NA
20301,2011,NA,NA,NA,NA,NA,NA
20302,2011,NA,NA,NA,NA,NA,NA
20303,2011,NA,NA,NA,NA,NA,NA
20401,2011,NA,NA,NA,NA,NA,NA
20402,2011,NA,NA,NA,NA,NA,NA
20403,2011,NA,NA,NA,NA,NA,NA
20501,2011,NA,NA,NA,NA,NA,NA
20502,2011,NA,NA,NA,NA,NA,NA
20503,2011,NA,NA,NA,NA,NA,NA
20504,2011,NA,NA,NA,NA,NA,NA
20505,2011,NA,NA,NA,NA,NA,NA
20601,2011,NA,NA,NA,NA,NA,NA
20602,2011,NA,NA,NA,NA,NA,NA
20603,2011,NA,NA,NA,NA,NA,NA
20604,2011,NA,NA,NA,NA,NA,NA
20605,2011,NA,NA,NA,NA,NA,NA
20606,2011,NA,NA,NA,NA,NA,NA
20607,2011,NA,NA,NA,NA,NA,NA
20701,2011,NA,NA,NA,NA,NA,NA
20702,2011,NA,NA,NA,NA,NA,NA
20703,2011,NA,NA,NA,NA,NA,NA
20801,2011,NA,NA,NA,NA,NA,NA
20802,2011,NA,NA,NA,NA,NA,NA
20803,2011,NA,NA,NA,NA,NA,NA
20804,2011,NA,NA,NA,NA,NA,NA
20901,2011,NA,NA,NA,NA,NA,NA
20902,2011,NA,NA,NA,NA,NA,NA
20903,2011,NA,NA,NA,NA,NA,NA
20904,2011,NA,NA,NA,NA,NA,NA
21001,2011,NA,NA,NA,NA,NA,NA
21002,2011,NA,NA,NA,NA,NA,NA
21003,2011,NA,NA,NA,NA,NA,NA
21004,2011,NA,NA,NA,NA,NA,NA
21005,2011,NA,NA,NA,NA,NA,NA
21101,2011,NA,NA,NA,NA,NA,NA
21102,2011,NA,NA,NA,NA,NA,NA
21103,2011,NA,NA,NA,NA,NA,NA
21104,2011,NA,NA,NA,NA,NA,NA
21105,2011,NA,NA,NA,NA,NA,NA
21201,2011,NA,NA,NA,NA,NA,NA
21202,2011,NA,NA,NA,NA,NA,NA
21203,2011,NA,NA,NA,NA,NA,NA
21204,2011,NA,NA,NA,NA,NA,NA
21205,2011,NA,NA,NA,NA,NA,NA
21301,2011,NA,NA,NA,NA,NA,NA
21302,2011,NA,NA,NA,NA,NA,NA
21303,2011,NA,NA,NA,NA,NA,NA
21304,2011,NA,NA,NA,NA,NA,NA
21305,2011,NA,NA,NA,NA,NA,NA
21401,2011,NA,NA,NA,NA,NA,NA
21402,2011,NA,NA,NA,NA,NA,NA
21501,2011,NA,NA,NA,NA,NA,NA
21502,2011,NA,NA,NA,NA,NA,NA
21503,2011,NA,NA,NA,NA,NA,NA
21601,2011,NA,NA,NA,NA,NA,NA
21602,2011,NA,NA,NA,NA,NA,NA
21603,2011,NA,NA,NA,NA,NA,NA
21701,2011,NA,NA,NA,NA,NA,NA
21703,2011,NA,NA,NA,NA,NA,NA
21704,2011,NA,NA,NA,NA,NA,NA
30101,2011,NA,NA,NA,NA,NA,NA
30102,2011,NA,NA,NA,NA,NA,NA
30103,2011,NA,NA,NA,NA,NA,NA
30201,2011,NA,NA,NA,NA,NA,NA
30202,2011,NA,NA,NA,NA,NA,NA
30203,2011,NA,NA,NA,NA,NA,NA
30204,2011,NA,NA,NA,NA,NA,NA
30301,2011,NA,NA,NA,NA,NA,NA
30302,2011,NA,NA,NA,NA,NA,NA
30303,2011,NA,NA,NA,NA,NA,NA
30304,2011,NA,NA,NA,NA,NA,NA
30305,2011,NA,NA,NA,NA,NA,NA
30306,2011,NA,NA,NA,NA,NA,NA
30401,2011,NA,NA,NA,NA,NA,NA
30402,2011,NA,NA,NA,NA,NA,NA
30403,2011,NA,NA,NA,NA,NA,NA
30404,2011,NA,NA,NA,NA,NA,NA
30501,2011,NA,NA,NA,NA,NA,NA
30502,2011,NA,NA,NA,NA,NA,NA
30503,2011,NA,NA,NA,NA,NA,NA
30504,2011,NA,NA,NA,NA,NA,NA
30601,2011,NA,NA,NA,NA,NA,NA
30602,2011,NA,NA,NA,NA,NA,NA
30603,2011,NA,NA,NA,NA,NA,NA
30604,2011,NA,NA,NA,NA,NA,NA
30605,2011,NA,NA,NA,NA,NA,NA
30701,2011,NA,NA,NA,NA,NA,NA
30702,2011,NA,NA,NA,NA,NA,NA
30703,2011,NA,NA,NA,NA,NA,NA
30801,2011,NA,NA,NA,NA,NA,NA
30803,2011,NA,NA,NA,NA,NA,NA
30804,2011,NA,NA,NA,NA,NA,NA
30805,2011,NA,NA,NA,NA,NA,NA
30901,2011,NA,NA,NA,NA,NA,NA
30902,2011,NA,NA,NA,NA,NA,NA
30903,2011,NA,NA,NA,NA,NA,NA
30904,2011,NA,NA,NA,NA,NA,NA
30905,2011,NA,NA,NA,NA,NA,NA
30906,2011,NA,NA,NA,NA,NA,NA
30907,2011,NA,NA,NA,NA,NA,NA
30908,2011,NA,NA,NA,NA,NA,NA
30909,2011,NA,NA,NA,NA,NA,NA
30910,2011,NA,NA,NA,NA,NA,NA
31001,2011,NA,NA,NA,NA,NA,NA
31002,2011,NA,NA,NA,NA,NA,NA
31003,2011,NA,NA,NA,NA,NA,NA
31004,2011,NA,NA,NA,NA,NA,NA
31101,2011,NA,NA,NA,NA,NA,NA
31102,2011,NA,NA,NA,NA,NA,NA
31103,2011,NA,NA,NA,NA,NA,NA
31104,2011,NA,NA,NA,NA,NA,NA
31105,2011,NA,NA,NA,NA,NA,NA
31106,2011,NA,NA,NA,NA,NA,NA
31201,2011,NA,NA,NA,NA,NA,NA
31202,2011,NA,NA,NA,NA,NA,NA
31203,2011,NA,NA,NA,NA,NA,NA
31301,2011,NA,NA,NA,NA,NA,NA
31302,2011,NA,NA,NA,NA,NA,NA
31303,2011,NA,NA,NA,NA,NA,NA
31304,2011,NA,NA,NA,NA,NA,NA
31305,2011,NA,NA,NA,NA,NA,NA
31401,2011,NA,NA,NA,NA,NA,NA
31402,2011,NA,NA,NA,NA,NA,NA
31403,2011,NA,NA,NA,NA,NA,NA
31501,2011,NA,NA,NA,NA,NA,NA
31502,2011,NA,NA,NA,NA,NA,NA
31503,2011,NA,NA,NA,NA,NA,NA
31601,2011,NA,NA,NA,NA,NA,NA
31602,2011,NA,NA,NA,NA,NA,NA
31603,2011,NA,NA,NA,NA,NA,NA
31605,2011,NA,NA,NA,NA,NA,NA
31606,2011,NA,NA,NA,NA,NA,NA
31607,2011,NA,NA,NA,NA,NA,NA
31608,2011,NA,NA,NA,NA,NA,NA
31701,2011,NA,NA,NA,NA,NA,NA
31801,2011,NA,NA,NA,NA,NA,NA
31802,2011,NA,NA,NA,NA,NA,NA
31901,2011,NA,NA,NA,NA,NA,NA
31902,2011,NA,NA,NA,NA,NA,NA
31903,2011,NA,NA,NA,NA,NA,NA
31904,2011,NA,NA,NA,NA,NA,NA
31905,2011,NA,NA,NA,NA,NA,NA
40101,2011,NA,NA,NA,NA,NA,NA
40102,2011,NA,NA,NA,NA,NA,NA
40103,2011,NA,NA,NA,NA,NA,NA
40104,2011,NA,NA,NA,NA,NA,NA
40105,2011,NA,NA,NA,NA,NA,NA
40106,2011,NA,NA,NA,NA,NA,NA
40107,2011,NA,NA,NA,NA,NA,NA
40201,2011,NA,NA,NA,NA,NA,NA
40202,2011,NA,NA,NA,NA,NA,NA
40203,2011,NA,NA,NA,NA,NA,NA
40204,2011,NA,NA,NA,NA,NA,NA
40205,2011,NA,NA,NA,NA,NA,NA
40301,2011,NA,NA,NA,NA,NA,NA
40302,2011,NA,NA,NA,NA,NA,NA
40303,2011,NA,NA,NA,NA,NA,NA
40304,2011,NA,NA,NA,NA,NA,NA
40401,2011,NA,NA,NA,NA,NA,NA
40402,2011,NA,NA,NA,NA,NA,NA
40403,2011,NA,NA,NA,NA,NA,NA
40501,2011,NA,NA,NA,NA,NA,NA
40502,2011,NA,NA,NA,NA,NA,NA
40503,2011,NA,NA,NA,NA,NA,NA
40504,2011,NA,NA,NA,NA,NA,NA
40601,2011,NA,NA,NA,NA,NA,NA
40602,2011,NA,NA,NA,NA,NA,NA
40701,2011,NA,NA,NA,NA,NA,NA
40702,2011,NA,NA,NA,NA,NA,NA
40703,2011,NA,NA,NA,NA,NA,NA
50101,2011,NA,NA,NA,NA,NA,NA
50102,2011,NA,NA,NA,NA,NA,NA
50103,2011,NA,NA,NA,NA,NA,NA
50201,2011,NA,NA,NA,NA,NA,NA
50301,2011,NA,NA,NA,NA,NA,NA
50302,2011,NA,NA,NA,NA,NA,NA
50401,2011,NA,NA,NA,NA,NA,NA
50402,2011,NA,NA,NA,NA,NA,NA
50403,2011,NA,NA,NA,NA,NA,NA
50501,2011,NA,NA,NA,NA,NA,NA
50502,2011,NA,NA,NA,NA,NA,NA
50503,2011,NA,NA,NA,NA,NA,NA
50601,2011,NA,NA,NA,NA,NA,NA
50602,2011,NA,NA,NA,NA,NA,NA
50603,2011,NA,NA,NA,NA,NA,NA
50604,2011,NA,NA,NA,NA,NA,NA
50605,2011,NA,NA,NA,NA,NA,NA
50606,2011,NA,NA,NA,NA,NA,NA
50607,2011,NA,NA,NA,NA,NA,NA
50701,2011,NA,NA,NA,NA,NA,NA
50702,2011,NA,NA,NA,NA,NA,NA
50703,2011,NA,NA,NA,NA,NA,NA
50704,2011,NA,NA,NA,NA,NA,NA
50705,2011,NA,NA,NA,NA,NA,NA
50901,2011,NA,NA,NA,NA,NA,NA
50902,2011,NA,NA,NA,NA,NA,NA
50903,2011,NA,NA,NA,NA,NA,NA
51001,2011,NA,NA,NA,NA,NA,NA
51002,2011,NA,NA,NA,NA,NA,NA
51003,2011,NA,NA,NA,NA,NA,NA
51101,2011,NA,NA,NA,NA,NA,NA
51102,2011,NA,NA,NA,NA,NA,NA
51103,2011,NA,NA,NA,NA,NA,NA
51104,2011,NA,NA,NA,NA,NA,NA
60101,2011,NA,NA,NA,NA,NA,NA
60102,2011,NA,NA,NA,NA,NA,NA
60103,2011,NA,NA,NA,NA,NA,NA
60104,2011,NA,NA,NA,NA,NA,NA
60105,2011,NA,NA,NA,NA,NA,NA
60106,2011,NA,NA,NA,NA,NA,NA
60201,2011,NA,NA,NA,NA,NA,NA
60202,2011,NA,NA,NA,NA,NA,NA
60203,2011,NA,NA,NA,NA,NA,NA
60301,2011,NA,NA,NA,NA,NA,NA
60302,2011,NA,NA,NA,NA,NA,NA
60303,2011,NA,NA,NA,NA,NA,NA
60401,2011,NA,NA,NA,NA,NA,NA
60402,2011,NA,NA,NA,NA,NA,NA
60403,2011,NA,NA,NA,NA,NA,NA
70101,2011,NA,NA,NA,NA,NA,NA
70102,2011,NA,NA,NA,NA,NA,NA
70103,2011,NA,NA,NA,NA,NA,NA
70104,2011,NA,NA,NA,NA,NA,NA
70201,2011,NA,NA,NA,NA,NA,NA
70202,2011,NA,NA,NA,NA,NA,NA
70203,2011,NA,NA,NA,NA,NA,NA
70204,2011,NA,NA,NA,NA,NA,NA
70205,2011,NA,NA,NA,NA,NA,NA
80101,2011,NA,NA,NA,NA,NA,NA
80103,2011,NA,NA,NA,NA,NA,NA
80104,2011,NA,NA,NA,NA,NA,NA
80105,2011,NA,NA,NA,NA,NA,NA
80106,2011,NA,NA,NA,NA,NA,NA
80107,2011,NA,NA,NA,NA,NA,NA
80108,2011,NA,NA,NA,NA,NA,NA
80109,2011,NA,NA,NA,NA,NA,NA
80110,2011,NA,NA,NA,NA,NA,NA
80111,2011,NA,NA,NA,NA,NA,NA
10102,2012,NA,NA,NA,NA,NA,NA
10103,2012,NA,NA,NA,NA,NA,NA
10104,2012,NA,NA,NA,NA,NA,NA
10105,2012,NA,NA,NA,NA,NA,NA
10106,2012,NA,NA,NA,NA,NA,NA
10201,2012,NA,NA,NA,NA,NA,NA
10202,2012,NA,NA,NA,NA,NA,NA
10301,2012,NA,NA,NA,NA,NA,NA
10302,2012,NA,NA,NA,NA,NA,NA
10303,2012,NA,NA,NA,NA,NA,NA
10304,2012,NA,NA,NA,NA,NA,NA
10401,2012,NA,NA,NA,NA,NA,NA
10402,2012,NA,NA,NA,NA,NA,NA
10501,2012,NA,NA,NA,NA,NA,NA
10502,2012,NA,NA,NA,NA,NA,NA
10503,2012,NA,NA,NA,NA,NA,NA
10601,2012,NA,NA,NA,NA,NA,NA
10602,2012,NA,NA,NA,NA,NA,NA
10603,2012,NA,NA,NA,NA,NA,NA
10604,2012,NA,NA,NA,NA,NA,NA
10701,2012,NA,NA,NA,NA,NA,NA
10702,2012,NA,NA,NA,NA,NA,NA
10703,2012,NA,NA,NA,NA,NA,NA
10704,2012,NA,NA,NA,NA,NA,NA
10801,2012,NA,NA,NA,NA,NA,NA
10802,2012,NA,NA,NA,NA,NA,NA
10803,2012,NA,NA,NA,NA,NA,NA
10804,2012,NA,NA,NA,NA,NA,NA
10805,2012,NA,NA,NA,NA,NA,NA
10901,2012,NA,NA,NA,NA,NA,NA
10902,2012,NA,NA,NA,NA,NA,NA
10903,2012,NA,NA,NA,NA,NA,NA
11001,2012,NA,NA,NA,NA,NA,NA
11002,2012,NA,NA,NA,NA,NA,NA
11003,2012,NA,NA,NA,NA,NA,NA
11004,2012,NA,NA,NA,NA,NA,NA
11101,2012,NA,NA,NA,NA,NA,NA
11102,2012,NA,NA,NA,NA,NA,NA
11103,2012,NA,NA,NA,NA,NA,NA
11201,2012,NA,NA,NA,NA,NA,NA
11202,2012,NA,NA,NA,NA,NA,NA
11203,2012,NA,NA,NA,NA,NA,NA
11301,2012,NA,NA,NA,NA,NA,NA
11302,2012,NA,NA,NA,NA,NA,NA
11303,2012,NA,NA,NA,NA,NA,NA
11401,2012,NA,NA,NA,NA,NA,NA
11402,2012,NA,NA,NA,NA,NA,NA
11501,2012,NA,NA,NA,NA,NA,NA
11502,2012,NA,NA,NA,NA,NA,NA
11503,2012,NA,NA,NA,NA,NA,NA
11504,2012,NA,NA,NA,NA,NA,NA
11601,2012,NA,NA,NA,NA,NA,NA
11602,2012,NA,NA,NA,NA,NA,NA
11603,2012,NA,NA,NA,NA,NA,NA
11701,2012,NA,NA,NA,NA,NA,NA
11702,2012,NA,NA,NA,NA,NA,NA
11703,2012,NA,NA,NA,NA,NA,NA
11801,2012,NA,NA,NA,NA,NA,NA
11802,2012,NA,NA,NA,NA,NA,NA
11901,2012,NA,NA,NA,NA,NA,NA
11902,2012,NA,NA,NA,NA,NA,NA
11903,2012,NA,NA,NA,NA,NA,NA
11904,2012,NA,NA,NA,NA,NA,NA
12001,2012,NA,NA,NA,NA,NA,NA
12002,2012,NA,NA,NA,NA,NA,NA
12003,2012,NA,NA,NA,NA,NA,NA
12101,2012,NA,NA,NA,NA,NA,NA
12102,2012,NA,NA,NA,NA,NA,NA
12103,2012,NA,NA,NA,NA,NA,NA
12104,2012,NA,NA,NA,NA,NA,NA
12201,2012,NA,NA,NA,NA,NA,NA
12202,2012,NA,NA,NA,NA,NA,NA
12203,2012,NA,NA,NA,NA,NA,NA
12301,2012,NA,NA,NA,NA,NA,NA
12302,2012,NA,NA,NA,NA,NA,NA
12303,2012,NA,NA,NA,NA,NA,NA
12401,2012,NA,NA,NA,NA,NA,NA
12402,2012,NA,NA,NA,NA,NA,NA
12403,2012,NA,NA,NA,NA,NA,NA
12404,2012,NA,NA,NA,NA,NA,NA
12405,2012,NA,NA,NA,NA,NA,NA
12501,2012,NA,NA,NA,NA,NA,NA
12502,2012,NA,NA,NA,NA,NA,NA
12503,2012,NA,NA,NA,NA,NA,NA
12504,2012,NA,NA,NA,NA,NA,NA
12601,2012,NA,NA,NA,NA,NA,NA
12602,2012,NA,NA,NA,NA,NA,NA
12701,2012,NA,NA,NA,NA,NA,NA
12702,2012,NA,NA,NA,NA,NA,NA
12703,2012,NA,NA,NA,NA,NA,NA
12801,2012,NA,NA,NA,NA,NA,NA
12802,2012,NA,NA,NA,NA,NA,NA
20101,2012,NA,NA,NA,NA,NA,NA
20102,2012,NA,NA,NA,NA,NA,NA
20103,2012,NA,NA,NA,NA,NA,NA
20201,2012,NA,NA,NA,NA,NA,NA
20202,2012,NA,NA,NA,NA,NA,NA
20203,2012,NA,NA,NA,NA,NA,NA
20301,2012,NA,NA,NA,NA,NA,NA
20302,2012,NA,NA,NA,NA,NA,NA
20303,2012,NA,NA,NA,NA,NA,NA
20401,2012,NA,NA,NA,NA,NA,NA
20402,2012,NA,NA,NA,NA,NA,NA
20403,2012,NA,NA,NA,NA,NA,NA
20501,2012,NA,NA,NA,NA,NA,NA
20502,2012,NA,NA,NA,NA,NA,NA
20503,2012,NA,NA,NA,NA,NA,NA
20504,2012,NA,NA,NA,NA,NA,NA
20505,2012,NA,NA,NA,NA,NA,NA
20601,2012,NA,NA,NA,NA,NA,NA
20602,2012,NA,NA,NA,NA,NA,NA
20603,2012,NA,NA,NA,NA,NA,NA
20604,2012,NA,NA,NA,NA,NA,NA
20605,2012,NA,NA,NA,NA,NA,NA
20606,2012,NA,NA,NA,NA,NA,NA
20607,2012,NA,NA,NA,NA,NA,NA
20701,2012,NA,NA,NA,NA,NA,NA
20702,2012,NA,NA,NA,NA,NA,NA
20703,2012,NA,NA,NA,NA,NA,NA
20801,2012,NA,NA,NA,NA,NA,NA
20802,2012,NA,NA,NA,NA,NA,NA
20803,2012,NA,NA,NA,NA,NA,NA
20804,2012,NA,NA,NA,NA,NA,NA
20901,2012,NA,NA,NA,NA,NA,NA
20902,2012,NA,NA,NA,NA,NA,NA
20903,2012,NA,NA,NA,NA,NA,NA
20904,2012,NA,NA,NA,NA,NA,NA
21001,2012,NA,NA,NA,NA,NA,NA
21002,2012,NA,NA,NA,NA,NA,NA
21003,2012,NA,NA,NA,NA,NA,NA
21004,2012,NA,NA,NA,NA,NA,NA
21005,2012,NA,NA,NA,NA,NA,NA
21101,2012,NA,NA,NA,NA,NA,NA
21102,2012,NA,NA,NA,NA,NA,NA
21103,2012,NA,NA,NA,NA,NA,NA
21104,2012,NA,NA,NA,NA,NA,NA
21105,2012,NA,NA,NA,NA,NA,NA
21201,2012,NA,NA,NA,NA,NA,NA
21202,2012,NA,NA,NA,NA,NA,NA
21203,2012,NA,NA,NA,NA,NA,NA
21204,2012,NA,NA,NA,NA,NA,NA
21205,2012,NA,NA,NA,NA,NA,NA
21301,2012,NA,NA,NA,NA,NA,NA
21302,2012,NA,NA,NA,NA,NA,NA
21303,2012,NA,NA,NA,NA,NA,NA
21304,2012,NA,NA,NA,NA,NA,NA
21305,2012,NA,NA,NA,NA,NA,NA
21401,2012,NA,NA,NA,NA,NA,NA
21402,2012,NA,NA,NA,NA,NA,NA
21501,2012,NA,NA,NA,NA,NA,NA
21502,2012,NA,NA,NA,NA,NA,NA
21503,2012,NA,NA,NA,NA,NA,NA
21601,2012,NA,NA,NA,NA,NA,NA
21602,2012,NA,NA,NA,NA,NA,NA
21603,2012,NA,NA,NA,NA,NA,NA
21701,2012,NA,NA,NA,NA,NA,NA
21703,2012,NA,NA,NA,NA,NA,NA
21704,2012,NA,NA,NA,NA,NA,NA
30101,2012,NA,NA,NA,NA,NA,NA
30102,2012,NA,NA,NA,NA,NA,NA
30103,2012,NA,NA,NA,NA,NA,NA
30201,2012,NA,NA,NA,NA,NA,NA
30202,2012,NA,NA,NA,NA,NA,NA
30203,2012,NA,NA,NA,NA,NA,NA
30204,2012,NA,NA,NA,NA,NA,NA
30301,2012,NA,NA,NA,NA,NA,NA
30302,2012,NA,NA,NA,NA,NA,NA
30303,2012,NA,NA,NA,NA,NA,NA
30304,2012,NA,NA,NA,NA,NA,NA
30305,2012,NA,NA,NA,NA,NA,NA
30306,2012,NA,NA,NA,NA,NA,NA
30401,2012,NA,NA,NA,NA,NA,NA
30402,2012,NA,NA,NA,NA,NA,NA
30403,2012,NA,NA,NA,NA,NA,NA
30404,2012,NA,NA,NA,NA,NA,NA
30501,2012,NA,NA,NA,NA,NA,NA
30502,2012,NA,NA,NA,NA,NA,NA
30503,2012,NA,NA,NA,NA,NA,NA
30504,2012,NA,NA,NA,NA,NA,NA
30601,2012,NA,NA,NA,NA,NA,NA
30602,2012,NA,NA,NA,NA,NA,NA
30603,2012,NA,NA,NA,NA,NA,NA
30604,2012,NA,NA,NA,NA,NA,NA
30605,2012,NA,NA,NA,NA,NA,NA
30701,2012,NA,NA,NA,NA,NA,NA
30702,2012,NA,NA,NA,NA,NA,NA
30703,2012,NA,NA,NA,NA,NA,NA
30801,2012,NA,NA,NA,NA,NA,NA
30803,2012,NA,NA,NA,NA,NA,NA
30804,2012,NA,NA,NA,NA,NA,NA
30805,2012,NA,NA,NA,NA,NA,NA
30901,2012,NA,NA,NA,NA,NA,NA
30902,2012,NA,NA,NA,NA,NA,NA
30903,2012,NA,NA,NA,NA,NA,NA
30904,2012,NA,NA,NA,NA,NA,NA
30905,2012,NA,NA,NA,NA,NA,NA
30906,2012,NA,NA,NA,NA,NA,NA
30907,2012,NA,NA,NA,NA,NA,NA
30908,2012,NA,NA,NA,NA,NA,NA
30909,2012,NA,NA,NA,NA,NA,NA
30910,2012,NA,NA,NA,NA,NA,NA
31001,2012,NA,NA,NA,NA,NA,NA
31002,2012,NA,NA,NA,NA,NA,NA
31003,2012,NA,NA,NA,NA,NA,NA
31004,2012,NA,NA,NA,NA,NA,NA
31101,2012,NA,NA,NA,NA,NA,NA
31102,2012,NA,NA,NA,NA,NA,NA
31103,2012,NA,NA,NA,NA,NA,NA
31104,2012,NA,NA,NA,NA,NA,NA
31105,2012,NA,NA,NA,NA,NA,NA
31106,2012,NA,NA,NA,NA,NA,NA
31201,2012,NA,NA,NA,NA,NA,NA
31202,2012,NA,NA,NA,NA,NA,NA
31203,2012,NA,NA,NA,NA,NA,NA
31301,2012,NA,NA,NA,NA,NA,NA
31302,2012,NA,NA,NA,NA,NA,NA
31303,2012,NA,NA,NA,NA,NA,NA
31304,2012,NA,NA,NA,NA,NA,NA
31305,2012,NA,NA,NA,NA,NA,NA
31401,2012,NA,NA,NA,NA,NA,NA
31402,2012,NA,NA,NA,NA,NA,NA
31403,2012,NA,NA,NA,NA,NA,NA
31501,2012,NA,NA,NA,NA,NA,NA
31502,2012,NA,NA,NA,NA,NA,NA
31503,2012,NA,NA,NA,NA,NA,NA
31601,2012,NA,NA,NA,NA,NA,NA
31602,2012,NA,NA,NA,NA,NA,NA
31603,2012,NA,NA,NA,NA,NA,NA
31605,2012,NA,NA,NA,NA,NA,NA
31606,2012,NA,NA,NA,NA,NA,NA
31607,2012,NA,NA,NA,NA,NA,NA
31608,2012,NA,NA,NA,NA,NA,NA
31701,2012,NA,NA,NA,NA,NA,NA
31801,2012,NA,NA,NA,NA,NA,NA
31802,2012,NA,NA,NA,NA,NA,NA
31901,2012,NA,NA,NA,NA,NA,NA
31902,2012,NA,NA,NA,NA,NA,NA
31903,2012,NA,NA,NA,NA,NA,NA
31904,2012,NA,NA,NA,NA,NA,NA
31905,2012,NA,NA,NA,NA,NA,NA
40101,2012,NA,NA,NA,NA,NA,NA
40102,2012,NA,NA,NA,NA,NA,NA
40103,2012,NA,NA,NA,NA,NA,NA
40104,2012,NA,NA,NA,NA,NA,NA
40105,2012,NA,NA,NA,NA,NA,NA
40106,2012,NA,NA,NA,NA,NA,NA
40107,2012,NA,NA,NA,NA,NA,NA
40201,2012,NA,NA,NA,NA,NA,NA
40202,2012,NA,NA,NA,NA,NA,NA
40203,2012,NA,NA,NA,NA,NA,NA
40204,2012,NA,NA,NA,NA,NA,NA
40205,2012,NA,NA,NA,NA,NA,NA
40301,2012,NA,NA,NA,NA,NA,NA
40302,2012,NA,NA,NA,NA,NA,NA
40303,2012,NA,NA,NA,NA,NA,NA
40304,2012,NA,NA,NA,NA,NA,NA
40401,2012,NA,NA,NA,NA,NA,NA
40402,2012,NA,NA,NA,NA,NA,NA
40403,2012,NA,NA,NA,NA,NA,NA
40501,2012,NA,NA,NA,NA,NA,NA
40502,2012,NA,NA,NA,NA,NA,NA
40503,2012,NA,NA,NA,NA,NA,NA
40504,2012,NA,NA,NA,NA,NA,NA
40601,2012,NA,NA,NA,NA,NA,NA
40602,2012,NA,NA,NA,NA,NA,NA
40701,2012,NA,NA,NA,NA,NA,NA
40702,2012,NA,NA,NA,NA,NA,NA
40703,2012,NA,NA,NA,NA,NA,NA
50101,2012,NA,NA,NA,NA,NA,NA
50102,2012,NA,NA,NA,NA,NA,NA
50103,2012,NA,NA,NA,NA,NA,NA
50201,2012,NA,NA,NA,NA,NA,NA
50301,2012,NA,NA,NA,NA,NA,NA
50302,2012,NA,NA,NA,NA,NA,NA
50401,2012,NA,NA,NA,NA,NA,NA
50402,2012,NA,NA,NA,NA,NA,NA
50403,2012,NA,NA,NA,NA,NA,NA
50501,2012,NA,NA,NA,NA,NA,NA
50502,2012,NA,NA,NA,NA,NA,NA
50503,2012,NA,NA,NA,NA,NA,NA
50601,2012,NA,NA,NA,NA,NA,NA
50602,2012,NA,NA,NA,NA,NA,NA
50603,2012,NA,NA,NA,NA,NA,NA
50604,2012,NA,NA,NA,NA,NA,NA
50605,2012,NA,NA,NA,NA,NA,NA
50606,2012,NA,NA,NA,NA,NA,NA
50607,2012,NA,NA,NA,NA,NA,NA
50701,2012,NA,NA,NA,NA,NA,NA
50702,2012,NA,NA,NA,NA,NA,NA
50703,2012,NA,NA,NA,NA,NA,NA
50704,2012,NA,NA,NA,NA,NA,NA
50705,2012,NA,NA,NA,NA,NA,NA
50901,2012,NA,NA,NA,NA,NA,NA
50902,2012,NA,NA,NA,NA,NA,NA
50903,2012,NA,NA,NA,NA,NA,NA
51001,2012,NA,NA,NA,NA,NA,NA
51002,2012,NA,NA,NA,NA,NA,NA
51003,2012,NA,NA,NA,NA,NA,NA
51101,2012,NA,NA,NA,NA,NA,NA
51102,2012,NA,NA,NA,NA,NA,NA
51103,2012,NA,NA,NA,NA,NA,NA
51104,2012,NA,NA,NA,NA,NA,NA
60101,2012,NA,NA,NA,NA,NA,NA
60102,2012,NA,NA,NA,NA,NA,NA
60103,2012,NA,NA,NA,NA,NA,NA
60104,2012,NA,NA,NA,NA,NA,NA
60105,2012,NA,NA,NA,NA,NA,NA
60106,2012,NA,NA,NA,NA,NA,NA
60201,2012,NA,NA,NA,NA,NA,NA
60202,2012,NA,NA,NA,NA,NA,NA
60203,2012,NA,NA,NA,NA,NA,NA
60301,2012,NA,NA,NA,NA,NA,NA
60302,2012,NA,NA,NA,NA,NA,NA
60303,2012,NA,NA,NA,NA,NA,NA
60401,2012,NA,NA,NA,NA,NA,NA
60402,2012,NA,NA,NA,NA,NA,NA
60403,2012,NA,NA,NA,NA,NA,NA
70101,2012,NA,NA,NA,NA,NA,NA
70102,2012,NA,NA,NA,NA,NA,NA
70103,2012,NA,NA,NA,NA,NA,NA
70104,2012,NA,NA,NA,NA,NA,NA
70201,2012,NA,NA,NA,NA,NA,NA
70202,2012,NA,NA,NA,NA,NA,NA
70203,2012,NA,NA,NA,NA,NA,NA
70204,2012,NA,NA,NA,NA,NA,NA
70205,2012,NA,NA,NA,NA,NA,NA
80101,2012,NA,NA,NA,NA,NA,NA
80103,2012,NA,NA,NA,NA,NA,NA
80104,2012,NA,NA,NA,NA,NA,NA
80105,2012,NA,NA,NA,NA,NA,NA
80106,2012,NA,NA,NA,NA,NA,NA
80107,2012,NA,NA,NA,NA,NA,NA
80108,2012,NA,NA,NA,NA,NA,NA
80109,2012,NA,NA,NA,NA,NA,NA
80110,2012,NA,NA,NA,NA,NA,NA
80111,2012,NA,NA,NA,NA,NA,NA
10102,2013,NA,NA,NA,NA,NA,NA
10103,2013,NA,NA,NA,NA,NA,NA
10104,2013,NA,NA,NA,NA,NA,NA
10105,2013,NA,NA,NA,NA,NA,NA
10106,2013,NA,NA,NA,NA,NA,NA
10201,2013,NA,NA,NA,NA,NA,NA
10202,2013,NA,NA,NA,NA,NA,NA
10301,2013,NA,NA,NA,NA,NA,NA
10302,2013,NA,NA,NA,NA,NA,NA
10303,2013,NA,NA,NA,NA,NA,NA
10304,2013,NA,NA,NA,NA,NA,NA
10401,2013,NA,NA,NA,NA,NA,NA
10402,2013,NA,NA,NA,NA,NA,NA
10501,2013,NA,NA,NA,NA,NA,NA
10502,2013,NA,NA,NA,NA,NA,NA
10503,2013,NA,NA,NA,NA,NA,NA
10601,2013,NA,NA,NA,NA,NA,NA
10602,2013,NA,NA,NA,NA,NA,NA
10603,2013,NA,NA,NA,NA,NA,NA
10604,2013,NA,NA,NA,NA,NA,NA
10701,2013,NA,NA,NA,NA,NA,NA
10702,2013,NA,NA,NA,NA,NA,NA
10703,2013,NA,NA,NA,NA,NA,NA
10704,2013,NA,NA,NA,NA,NA,NA
10801,2013,NA,NA,NA,NA,NA,NA
10802,2013,NA,NA,NA,NA,NA,NA
10803,2013,NA,NA,NA,NA,NA,NA
10804,2013,NA,NA,NA,NA,NA,NA
10805,2013,NA,NA,NA,NA,NA,NA
10901,2013,NA,NA,NA,NA,NA,NA
10902,2013,NA,NA,NA,NA,NA,NA
10903,2013,NA,NA,NA,NA,NA,NA
11001,2013,NA,NA,NA,NA,NA,NA
11002,2013,NA,NA,NA,NA,NA,NA
11003,2013,NA,NA,NA,NA,NA,NA
11004,2013,NA,NA,NA,NA,NA,NA
11101,2013,NA,NA,NA,NA,NA,NA
11102,2013,NA,NA,NA,NA,NA,NA
11103,2013,NA,NA,NA,NA,NA,NA
11201,2013,NA,NA,NA,NA,NA,NA
11202,2013,NA,NA,NA,NA,NA,NA
11203,2013,NA,NA,NA,NA,NA,NA
11301,2013,NA,NA,NA,NA,NA,NA
11302,2013,NA,NA,NA,NA,NA,NA
11303,2013,NA,NA,NA,NA,NA,NA
11401,2013,NA,NA,NA,NA,NA,NA
11402,2013,NA,NA,NA,NA,NA,NA
11501,2013,NA,NA,NA,NA,NA,NA
11502,2013,NA,NA,NA,NA,NA,NA
11503,2013,NA,NA,NA,NA,NA,NA
11504,2013,NA,NA,NA,NA,NA,NA
11601,2013,NA,NA,NA,NA,NA,NA
11602,2013,NA,NA,NA,NA,NA,NA
11603,2013,NA,NA,NA,NA,NA,NA
11701,2013,NA,NA,NA,NA,NA,NA
11702,2013,NA,NA,NA,NA,NA,NA
11703,2013,NA,NA,NA,NA,NA,NA
11801,2013,NA,NA,NA,NA,NA,NA
11802,2013,NA,NA,NA,NA,NA,NA
11901,2013,NA,NA,NA,NA,NA,NA
11902,2013,NA,NA,NA,NA,NA,NA
11903,2013,NA,NA,NA,NA,NA,NA
11904,2013,NA,NA,NA,NA,NA,NA
12001,2013,NA,NA,NA,NA,NA,NA
12002,2013,NA,NA,NA,NA,NA,NA
12003,2013,NA,NA,NA,NA,NA,NA
12101,2013,NA,NA,NA,NA,NA,NA
12102,2013,NA,NA,NA,NA,NA,NA
12103,2013,NA,NA,NA,NA,NA,NA
12104,2013,NA,NA,NA,NA,NA,NA
12201,2013,NA,NA,NA,NA,NA,NA
12202,2013,NA,NA,NA,NA,NA,NA
12203,2013,NA,NA,NA,NA,NA,NA
12301,2013,NA,NA,NA,NA,NA,NA
12302,2013,NA,NA,NA,NA,NA,NA
12303,2013,NA,NA,NA,NA,NA,NA
12401,2013,NA,NA,NA,NA,NA,NA
12402,2013,NA,NA,NA,NA,NA,NA
12403,2013,NA,NA,NA,NA,NA,NA
12404,2013,NA,NA,NA,NA,NA,NA
12405,2013,NA,NA,NA,NA,NA,NA
12501,2013,NA,NA,NA,NA,NA,NA
12502,2013,NA,NA,NA,NA,NA,NA
12503,2013,NA,NA,NA,NA,NA,NA
12504,2013,NA,NA,NA,NA,NA,NA
12601,2013,NA,NA,NA,NA,NA,NA
12602,2013,NA,NA,NA,NA,NA,NA
12701,2013,NA,NA,NA,NA,NA,NA
12702,2013,NA,NA,NA,NA,NA,NA
12703,2013,NA,NA,NA,NA,NA,NA
12801,2013,NA,NA,NA,NA,NA,NA
12802,2013,NA,NA,NA,NA,NA,NA
20101,2013,NA,NA,NA,NA,NA,NA
20102,2013,NA,NA,NA,NA,NA,NA
20103,2013,NA,NA,NA,NA,NA,NA
20201,2013,NA,NA,NA,NA,NA,NA
20202,2013,NA,NA,NA,NA,NA,NA
20203,2013,NA,NA,NA,NA,NA,NA
20301,2013,NA,NA,NA,NA,NA,NA
20302,2013,NA,NA,NA,NA,NA,NA
20303,2013,NA,NA,NA,NA,NA,NA
20401,2013,NA,NA,NA,NA,NA,NA
20402,2013,NA,NA,NA,NA,NA,NA
20403,2013,NA,NA,NA,NA,NA,NA
20501,2013,NA,NA,NA,NA,NA,NA
20502,2013,NA,NA,NA,NA,NA,NA
20503,2013,NA,NA,NA,NA,NA,NA
20504,2013,NA,NA,NA,NA,NA,NA
20505,2013,NA,NA,NA,NA,NA,NA
20601,2013,NA,NA,NA,NA,NA,NA
20602,2013,NA,NA,NA,NA,NA,NA
20603,2013,NA,NA,NA,NA,NA,NA
20604,2013,NA,NA,NA,NA,NA,NA
20605,2013,NA,NA,NA,NA,NA,NA
20606,2013,NA,NA,NA,NA,NA,NA
20607,2013,NA,NA,NA,NA,NA,NA
20701,2013,NA,NA,NA,NA,NA,NA
20702,2013,NA,NA,NA,NA,NA,NA
20703,2013,NA,NA,NA,NA,NA,NA
20801,2013,NA,NA,NA,NA,NA,NA
20802,2013,NA,NA,NA,NA,NA,NA
20803,2013,NA,NA,NA,NA,NA,NA
20804,2013,NA,NA,NA,NA,NA,NA
20901,2013,NA,NA,NA,NA,NA,NA
20902,2013,NA,NA,NA,NA,NA,NA
20903,2013,NA,NA,NA,NA,NA,NA
20904,2013,NA,NA,NA,NA,NA,NA
21001,2013,NA,NA,NA,NA,NA,NA
21002,2013,NA,NA,NA,NA,NA,NA
21003,2013,NA,NA,NA,NA,NA,NA
21004,2013,NA,NA,NA,NA,NA,NA
21005,2013,NA,NA,NA,NA,NA,NA
21101,2013,NA,NA,NA,NA,NA,NA
21102,2013,NA,NA,NA,NA,NA,NA
21103,2013,NA,NA,NA,NA,NA,NA
21104,2013,NA,NA,NA,NA,NA,NA
21105,2013,NA,NA,NA,NA,NA,NA
21201,2013,NA,NA,NA,NA,NA,NA
21202,2013,NA,NA,NA,NA,NA,NA
21203,2013,NA,NA,NA,NA,NA,NA
21204,2013,NA,NA,NA,NA,NA,NA
21205,2013,NA,NA,NA,NA,NA,NA
21301,2013,NA,NA,NA,NA,NA,NA
21302,2013,NA,NA,NA,NA,NA,NA
21303,2013,NA,NA,NA,NA,NA,NA
21304,2013,NA,NA,NA,NA,NA,NA
21305,2013,NA,NA,NA,NA,NA,NA
21401,2013,NA,NA,NA,NA,NA,NA
21402,2013,NA,NA,NA,NA,NA,NA
21501,2013,NA,NA,NA,NA,NA,NA
21502,2013,NA,NA,NA,NA,NA,NA
21503,2013,NA,NA,NA,NA,NA,NA
21601,2013,NA,NA,NA,NA,NA,NA
21602,2013,NA,NA,NA,NA,NA,NA
21603,2013,NA,NA,NA,NA,NA,NA
21701,2013,NA,NA,NA,NA,NA,NA
21703,2013,NA,NA,NA,NA,NA,NA
21704,2013,NA,NA,NA,NA,NA,NA
30101,2013,NA,NA,NA,NA,NA,NA
30102,2013,NA,NA,NA,NA,NA,NA
30103,2013,NA,NA,NA,NA,NA,NA
30201,2013,NA,NA,NA,NA,NA,NA
30202,2013,NA,NA,NA,NA,NA,NA
30203,2013,NA,NA,NA,NA,NA,NA
30204,2013,NA,NA,NA,NA,NA,NA
30301,2013,NA,NA,NA,NA,NA,NA
30302,2013,NA,NA,NA,NA,NA,NA
30303,2013,NA,NA,NA,NA,NA,NA
30304,2013,NA,NA,NA,NA,NA,NA
30305,2013,NA,NA,NA,NA,NA,NA
30306,2013,NA,NA,NA,NA,NA,NA
30401,2013,NA,NA,NA,NA,NA,NA
30402,2013,NA,NA,NA,NA,NA,NA
30403,2013,NA,NA,NA,NA,NA,NA
30404,2013,NA,NA,NA,NA,NA,NA
30501,2013,NA,NA,NA,NA,NA,NA
30502,2013,NA,NA,NA,NA,NA,NA
30503,2013,NA,NA,NA,NA,NA,NA
30504,2013,NA,NA,NA,NA,NA,NA
30601,2013,NA,NA,NA,NA,NA,NA
30602,2013,NA,NA,NA,NA,NA,NA
30603,2013,NA,NA,NA,NA,NA,NA
30604,2013,NA,NA,NA,NA,NA,NA
30605,2013,NA,NA,NA,NA,NA,NA
30701,2013,NA,NA,NA,NA,NA,NA
30702,2013,NA,NA,NA,NA,NA,NA
30703,2013,NA,NA,NA,NA,NA,NA
30801,2013,NA,NA,NA,NA,NA,NA
30803,2013,NA,NA,NA,NA,NA,NA
30804,2013,NA,NA,NA,NA,NA,NA
30805,2013,NA,NA,NA,NA,NA,NA
30901,2013,NA,NA,NA,NA,NA,NA
30902,2013,NA,NA,NA,NA,NA,NA
30903,2013,NA,NA,NA,NA,NA,NA
30904,2013,NA,NA,NA,NA,NA,NA
30905,2013,NA,NA,NA,NA,NA,NA
30906,2013,NA,NA,NA,NA,NA,NA
30907,2013,NA,NA,NA,NA,NA,NA
30908,2013,NA,NA,NA,NA,NA,NA
30909,2013,NA,NA,NA,NA,NA,NA
30910,2013,NA,NA,NA,NA,NA,NA
31001,2013,NA,NA,NA,NA,NA,NA
31002,2013,NA,NA,NA,NA,NA,NA
31003,2013,NA,NA,NA,NA,NA,NA
31004,2013,NA,NA,NA,NA,NA,NA
31101,2013,NA,NA,NA,NA,NA,NA
31102,2013,NA,NA,NA,NA,NA,NA
31103,2013,NA,NA,NA,NA,NA,NA
31104,2013,NA,NA,NA,NA,NA,NA
31105,2013,NA,NA,NA,NA,NA,NA
31106,2013,NA,NA,NA,NA,NA,NA
31201,2013,NA,NA,NA,NA,NA,NA
31202,2013,NA,NA,NA,NA,NA,NA
31203,2013,NA,NA,NA,NA,NA,NA
31301,2013,NA,NA,NA,NA,NA,NA
31302,2013,NA,NA,NA,NA,NA,NA
31303,2013,NA,NA,NA,NA,NA,NA
31304,2013,NA,NA,NA,NA,NA,NA
31305,2013,NA,NA,NA,NA,NA,NA
31401,2013,NA,NA,NA,NA,NA,NA
31402,2013,NA,NA,NA,NA,NA,NA
31403,2013,NA,NA,NA,NA,NA,NA
31501,2013,NA,NA,NA,NA,NA,NA
31502,2013,NA,NA,NA,NA,NA,NA
31503,2013,NA,NA,NA,NA,NA,NA
31601,2013,NA,NA,NA,NA,NA,NA
31602,2013,NA,NA,NA,NA,NA,NA
31603,2013,NA,NA,NA,NA,NA,NA
31605,2013,NA,NA,NA,NA,NA,NA
31606,2013,NA,NA,NA,NA,NA,NA
31607,2013,NA,NA,NA,NA,NA,NA
31608,2013,NA,NA,NA,NA,NA,NA
31701,2013,NA,NA,NA,NA,NA,NA
31801,2013,NA,NA,NA,NA,NA,NA
31802,2013,NA,NA,NA,NA,NA,NA
31901,2013,NA,NA,NA,NA,NA,NA
31902,2013,NA,NA,NA,NA,NA,NA
31903,2013,NA,NA,NA,NA,NA,NA
31904,2013,NA,NA,NA,NA,NA,NA
31905,2013,NA,NA,NA,NA,NA,NA
40101,2013,NA,NA,NA,NA,NA,NA
40102,2013,NA,NA,NA,NA,NA,NA
40103,2013,NA,NA,NA,NA,NA,NA
40104,2013,NA,NA,NA,NA,NA,NA
40105,2013,NA,NA,NA,NA,NA,NA
40106,2013,NA,NA,NA,NA,NA,NA
40107,2013,NA,NA,NA,NA,NA,NA
40201,2013,NA,NA,NA,NA,NA,NA
40202,2013,NA,NA,NA,NA,NA,NA
40203,2013,NA,NA,NA,NA,NA,NA
40204,2013,NA,NA,NA,NA,NA,NA
40205,2013,NA,NA,NA,NA,NA,NA
40301,2013,NA,NA,NA,NA,NA,NA
40302,2013,NA,NA,NA,NA,NA,NA
40303,2013,NA,NA,NA,NA,NA,NA
40304,2013,NA,NA,NA,NA,NA,NA
40401,2013,NA,NA,NA,NA,NA,NA
40402,2013,NA,NA,NA,NA,NA,NA
40403,2013,NA,NA,NA,NA,NA,NA
40501,2013,NA,NA,NA,NA,NA,NA
40502,2013,NA,NA,NA,NA,NA,NA
40503,2013,NA,NA,NA,NA,NA,NA
40504,2013,NA,NA,NA,NA,NA,NA
40601,2013,NA,NA,NA,NA,NA,NA
40602,2013,NA,NA,NA,NA,NA,NA
40701,2013,NA,NA,NA,NA,NA,NA
40702,2013,NA,NA,NA,NA,NA,NA
40703,2013,NA,NA,NA,NA,NA,NA
50101,2013,NA,NA,NA,NA,NA,NA
50102,2013,NA,NA,NA,NA,NA,NA
50103,2013,NA,NA,NA,NA,NA,NA
50201,2013,NA,NA,NA,NA,NA,NA
50301,2013,NA,NA,NA,NA,NA,NA
50302,2013,NA,NA,NA,NA,NA,NA
50401,2013,NA,NA,NA,NA,NA,NA
50402,2013,NA,NA,NA,NA,NA,NA
50403,2013,NA,NA,NA,NA,NA,NA
50501,2013,NA,NA,NA,NA,NA,NA
50502,2013,NA,NA,NA,NA,NA,NA
50503,2013,NA,NA,NA,NA,NA,NA
50601,2013,NA,NA,NA,NA,NA,NA
50602,2013,NA,NA,NA,NA,NA,NA
50603,2013,NA,NA,NA,NA,NA,NA
50604,2013,NA,NA,NA,NA,NA,NA
50605,2013,NA,NA,NA,NA,NA,NA
50606,2013,NA,NA,NA,NA,NA,NA
50607,2013,NA,NA,NA,NA,NA,NA
50701,2013,NA,NA,NA,NA,NA,NA
50702,2013,NA,NA,NA,NA,NA,NA
50703,2013,NA,NA,NA,NA,NA,NA
50704,2013,NA,NA,NA,NA,NA,NA
50705,2013,NA,NA,NA,NA,NA,NA
50901,2013,NA,NA,NA,NA,NA,NA
50902,2013,NA,NA,NA,NA,NA,NA
50903,2013,NA,NA,NA,NA,NA,NA
51001,2013,NA,NA,NA,NA,NA,NA
51002,2013,NA,NA,NA,NA,NA,NA
51003,2013,NA,NA,NA,NA,NA,NA
51101,2013,NA,NA,NA,NA,NA,NA
51102,2013,NA,NA,NA,NA,NA,NA
51103,2013,NA,NA,NA,NA,NA,NA
51104,2013,NA,NA,NA,NA,NA,NA
60101,2013,NA,NA,NA,NA,NA,NA
60102,2013,NA,NA,NA,NA,NA,NA
60103,2013,NA,NA,NA,NA,NA,NA
60104,2013,NA,NA,NA,NA,NA,NA
60105,2013,NA,NA,NA,NA,NA,NA
60106,2013,NA,NA,NA,NA,NA,NA
60201,2013,NA,NA,NA,NA,NA,NA
60202,2013,NA,NA,NA,NA,NA,NA
60203,2013,NA,NA,NA,NA,NA,NA
60301,2013,NA,NA,NA,NA,NA,NA
60302,2013,NA,NA,NA,NA,NA,NA
60303,2013,NA,NA,NA,NA,NA,NA
60401,2013,NA,NA,NA,NA,NA,NA
60402,2013,NA,NA,NA,NA,NA,NA
60403,2013,NA,NA,NA,NA,NA,NA
70101,2013,NA,NA,NA,NA,NA,NA
70102,2013,NA,NA,NA,NA,NA,NA
70103,2013,NA,NA,NA,NA,NA,NA
70104,2013,NA,NA,NA,NA,NA,NA
70201,2013,NA,NA,NA,NA,NA,NA
70202,2013,NA,NA,NA,NA,NA,NA
70203,2013,NA,NA,NA,NA,NA,NA
70204,2013,NA,NA,NA,NA,NA,NA
70205,2013,NA,NA,NA,NA,NA,NA
80101,2013,NA,NA,NA,NA,NA,NA
80103,2013,NA,NA,NA,NA,NA,NA
80104,2013,NA,NA,NA,NA,NA,NA
80105,2013,NA,NA,NA,NA,NA,NA
80106,2013,NA,NA,NA,NA,NA,NA
80107,2013,NA,NA,NA,NA,NA,NA
80108,2013,NA,NA,NA,NA,NA,NA
80109,2013,NA,NA,NA,NA,NA,NA
80110,2013,NA,NA,NA,NA,NA,NA
80111,2013,NA,NA,NA,NA,NA,NA
10102,2014,NA,NA,NA,NA,NA,NA
10103,2014,NA,NA,NA,NA,NA,NA
10104,2014,NA,NA,NA,NA,NA,NA
10105,2014,NA,NA,NA,NA,NA,NA
10106,2014,NA,NA,NA,NA,NA,NA
10201,2014,NA,NA,NA,NA,NA,NA
10202,2014,NA,NA,NA,NA,NA,NA
10301,2014,NA,NA,NA,NA,NA,NA
10302,2014,NA,NA,NA,NA,NA,NA
10303,2014,NA,NA,NA,NA,NA,NA
10304,2014,NA,NA,NA,NA,NA,NA
10401,2014,NA,NA,NA,NA,NA,NA
10402,2014,NA,NA,NA,NA,NA,NA
10501,2014,NA,NA,NA,NA,NA,NA
10502,2014,NA,NA,NA,NA,NA,NA
10503,2014,NA,NA,NA,NA,NA,NA
10601,2014,NA,NA,NA,NA,NA,NA
10602,2014,NA,NA,NA,NA,NA,NA
10603,2014,NA,NA,NA,NA,NA,NA
10604,2014,NA,NA,NA,NA,NA,NA
10701,2014,NA,NA,NA,NA,NA,NA
10702,2014,NA,NA,NA,NA,NA,NA
10703,2014,NA,NA,NA,NA,NA,NA
10704,2014,NA,NA,NA,NA,NA,NA
10801,2014,NA,NA,NA,NA,NA,NA
10802,2014,NA,NA,NA,NA,NA,NA
10803,2014,NA,NA,NA,NA,NA,NA
10804,2014,NA,NA,NA,NA,NA,NA
10805,2014,NA,NA,NA,NA,NA,NA
10901,2014,NA,NA,NA,NA,NA,NA
10902,2014,NA,NA,NA,NA,NA,NA
10903,2014,NA,NA,NA,NA,NA,NA
11001,2014,NA,NA,NA,NA,NA,NA
11002,2014,NA,NA,NA,NA,NA,NA
11003,2014,NA,NA,NA,NA,NA,NA
11004,2014,NA,NA,NA,NA,NA,NA
11101,2014,NA,NA,NA,NA,NA,NA
11102,2014,NA,NA,NA,NA,NA,NA
11103,2014,NA,NA,NA,NA,NA,NA
11201,2014,NA,NA,NA,NA,NA,NA
11202,2014,NA,NA,NA,NA,NA,NA
11203,2014,NA,NA,NA,NA,NA,NA
11301,2014,NA,NA,NA,NA,NA,NA
11302,2014,NA,NA,NA,NA,NA,NA
11303,2014,NA,NA,NA,NA,NA,NA
11401,2014,NA,NA,NA,NA,NA,NA
11402,2014,NA,NA,NA,NA,NA,NA
11501,2014,NA,NA,NA,NA,NA,NA
11502,2014,NA,NA,NA,NA,NA,NA
11503,2014,NA,NA,NA,NA,NA,NA
11504,2014,NA,NA,NA,NA,NA,NA
11601,2014,NA,NA,NA,NA,NA,NA
11602,2014,NA,NA,NA,NA,NA,NA
11603,2014,NA,NA,NA,NA,NA,NA
11701,2014,NA,NA,NA,NA,NA,NA
11702,2014,NA,NA,NA,NA,NA,NA
11703,2014,NA,NA,NA,NA,NA,NA
11801,2014,NA,NA,NA,NA,NA,NA
11802,2014,NA,NA,NA,NA,NA,NA
11901,2014,NA,NA,NA,NA,NA,NA
11902,2014,NA,NA,NA,NA,NA,NA
11903,2014,NA,NA,NA,NA,NA,NA
11904,2014,NA,NA,NA,NA,NA,NA
12001,2014,NA,NA,NA,NA,NA,NA
12002,2014,NA,NA,NA,NA,NA,NA
12003,2014,NA,NA,NA,NA,NA,NA
12101,2014,NA,NA,NA,NA,NA,NA
12102,2014,NA,NA,NA,NA,NA,NA
12103,2014,NA,NA,NA,NA,NA,NA
12104,2014,NA,NA,NA,NA,NA,NA
12201,2014,NA,NA,NA,NA,NA,NA
12202,2014,NA,NA,NA,NA,NA,NA
12203,2014,NA,NA,NA,NA,NA,NA
12301,2014,NA,NA,NA,NA,NA,NA
12302,2014,NA,NA,NA,NA,NA,NA
12303,2014,NA,NA,NA,NA,NA,NA
12401,2014,NA,NA,NA,NA,NA,NA
12402,2014,NA,NA,NA,NA,NA,NA
12403,2014,NA,NA,NA,NA,NA,NA
12404,2014,NA,NA,NA,NA,NA,NA
12405,2014,NA,NA,NA,NA,NA,NA
12501,2014,NA,NA,NA,NA,NA,NA
12502,2014,NA,NA,NA,NA,NA,NA
12503,2014,NA,NA,NA,NA,NA,NA
12504,2014,NA,NA,NA,NA,NA,NA
12601,2014,NA,NA,NA,NA,NA,NA
12602,2014,NA,NA,NA,NA,NA,NA
12701,2014,NA,NA,NA,NA,NA,NA
12702,2014,NA,NA,NA,NA,NA,NA
12703,2014,NA,NA,NA,NA,NA,NA
12801,2014,NA,NA,NA,NA,NA,NA
12802,2014,NA,NA,NA,NA,NA,NA
20101,2014,NA,NA,NA,NA,NA,NA
20102,2014,NA,NA,NA,NA,NA,NA
20103,2014,NA,NA,NA,NA,NA,NA
20201,2014,NA,NA,NA,NA,NA,NA
20202,2014,NA,NA,NA,NA,NA,NA
20203,2014,NA,NA,NA,NA,NA,NA
20301,2014,NA,NA,NA,NA,NA,NA
20302,2014,NA,NA,NA,NA,NA,NA
20303,2014,NA,NA,NA,NA,NA,NA
20401,2014,NA,NA,NA,NA,NA,NA
20402,2014,NA,NA,NA,NA,NA,NA
20403,2014,NA,NA,NA,NA,NA,NA
20501,2014,NA,NA,NA,NA,NA,NA
20502,2014,NA,NA,NA,NA,NA,NA
20503,2014,NA,NA,NA,NA,NA,NA
20504,2014,NA,NA,NA,NA,NA,NA
20505,2014,NA,NA,NA,NA,NA,NA
20601,2014,NA,NA,NA,NA,NA,NA
20602,2014,NA,NA,NA,NA,NA,NA
20603,2014,NA,NA,NA,NA,NA,NA
20604,2014,NA,NA,NA,NA,NA,NA
20605,2014,NA,NA,NA,NA,NA,NA
20606,2014,NA,NA,NA,NA,NA,NA
20607,2014,NA,NA,NA,NA,NA,NA
20701,2014,NA,NA,NA,NA,NA,NA
20702,2014,NA,NA,NA,NA,NA,NA
20703,2014,NA,NA,NA,NA,NA,NA
20801,2014,NA,NA,NA,NA,NA,NA
20802,2014,NA,NA,NA,NA,NA,NA
20803,2014,NA,NA,NA,NA,NA,NA
20804,2014,NA,NA,NA,NA,NA,NA
20901,2014,NA,NA,NA,NA,NA,NA
20902,2014,NA,NA,NA,NA,NA,NA
20903,2014,NA,NA,NA,NA,NA,NA
20904,2014,NA,NA,NA,NA,NA,NA
21001,2014,NA,NA,NA,NA,NA,NA
21002,2014,NA,NA,NA,NA,NA,NA
21003,2014,NA,NA,NA,NA,NA,NA
21004,2014,NA,NA,NA,NA,NA,NA
21005,2014,NA,NA,NA,NA,NA,NA
21101,2014,NA,NA,NA,NA,NA,NA
21102,2014,NA,NA,NA,NA,NA,NA
21103,2014,NA,NA,NA,NA,NA,NA
21104,2014,NA,NA,NA,NA,NA,NA
21105,2014,NA,NA,NA,NA,NA,NA
21201,2014,NA,NA,NA,NA,NA,NA
21202,2014,NA,NA,NA,NA,NA,NA
21203,2014,NA,NA,NA,NA,NA,NA
21204,2014,NA,NA,NA,NA,NA,NA
21205,2014,NA,NA,NA,NA,NA,NA
21301,2014,NA,NA,NA,NA,NA,NA
21302,2014,NA,NA,NA,NA,NA,NA
21303,2014,NA,NA,NA,NA,NA,NA
21304,2014,NA,NA,NA,NA,NA,NA
21305,2014,NA,NA,NA,NA,NA,NA
21401,2014,NA,NA,NA,NA,NA,NA
21402,2014,NA,NA,NA,NA,NA,NA
21501,2014,NA,NA,NA,NA,NA,NA
21502,2014,NA,NA,NA,NA,NA,NA
21503,2014,NA,NA,NA,NA,NA,NA
21601,2014,NA,NA,NA,NA,NA,NA
21602,2014,NA,NA,NA,NA,NA,NA
21603,2014,NA,NA,NA,NA,NA,NA
21701,2014,NA,NA,NA,NA,NA,NA
21703,2014,NA,NA,NA,NA,NA,NA
21704,2014,NA,NA,NA,NA,NA,NA
30101,2014,NA,NA,NA,NA,NA,NA
30102,2014,NA,NA,NA,NA,NA,NA
30103,2014,NA,NA,NA,NA,NA,NA
30201,2014,NA,NA,NA,NA,NA,NA
30202,2014,NA,NA,NA,NA,NA,NA
30203,2014,NA,NA,NA,NA,NA,NA
30204,2014,NA,NA,NA,NA,NA,NA
30301,2014,NA,NA,NA,NA,NA,NA
30302,2014,NA,NA,NA,NA,NA,NA
30303,2014,NA,NA,NA,NA,NA,NA
30304,2014,NA,NA,NA,NA,NA,NA
30305,2014,NA,NA,NA,NA,NA,NA
30306,2014,NA,NA,NA,NA,NA,NA
30401,2014,NA,NA,NA,NA,NA,NA
30402,2014,NA,NA,NA,NA,NA,NA
30403,2014,NA,NA,NA,NA,NA,NA
30404,2014,NA,NA,NA,NA,NA,NA
30501,2014,NA,NA,NA,NA,NA,NA
30502,2014,NA,NA,NA,NA,NA,NA
30503,2014,NA,NA,NA,NA,NA,NA
30504,2014,NA,NA,NA,NA,NA,NA
30601,2014,NA,NA,NA,NA,NA,NA
30602,2014,NA,NA,NA,NA,NA,NA
30603,2014,NA,NA,NA,NA,NA,NA
30604,2014,NA,NA,NA,NA,NA,NA
30605,2014,NA,NA,NA,NA,NA,NA
30701,2014,NA,NA,NA,NA,NA,NA
30702,2014,NA,NA,NA,NA,NA,NA
30703,2014,NA,NA,NA,NA,NA,NA
30801,2014,NA,NA,NA,NA,NA,NA
30803,2014,NA,NA,NA,NA,NA,NA
30804,2014,NA,NA,NA,NA,NA,NA
30805,2014,NA,NA,NA,NA,NA,NA
30901,2014,NA,NA,NA,NA,NA,NA
30902,2014,NA,NA,NA,NA,NA,NA
30903,2014,NA,NA,NA,NA,NA,NA
30904,2014,NA,NA,NA,NA,NA,NA
30905,2014,NA,NA,NA,NA,NA,NA
30906,2014,NA,NA,NA,NA,NA,NA
30907,2014,NA,NA,NA,NA,NA,NA
30908,2014,NA,NA,NA,NA,NA,NA
30909,2014,NA,NA,NA,NA,NA,NA
30910,2014,NA,NA,NA,NA,NA,NA
31001,2014,NA,NA,NA,NA,NA,NA
31002,2014,NA,NA,NA,NA,NA,NA
31003,2014,NA,NA,NA,NA,NA,NA
31004,2014,NA,NA,NA,NA,NA,NA
31101,2014,NA,NA,NA,NA,NA,NA
31102,2014,NA,NA,NA,NA,NA,NA
31103,2014,NA,NA,NA,NA,NA,NA
31104,2014,NA,NA,NA,NA,NA,NA
31105,2014,NA,NA,NA,NA,NA,NA
31106,2014,NA,NA,NA,NA,NA,NA
31201,2014,NA,NA,NA,NA,NA,NA
31202,2014,NA,NA,NA,NA,NA,NA
31203,2014,NA,NA,NA,NA,NA,NA
31301,2014,NA,NA,NA,NA,NA,NA
31302,2014,NA,NA,NA,NA,NA,NA
31303,2014,NA,NA,NA,NA,NA,NA
31304,2014,NA,NA,NA,NA,NA,NA
31305,2014,NA,NA,NA,NA,NA,NA
31401,2014,NA,NA,NA,NA,NA,NA
31402,2014,NA,NA,NA,NA,NA,NA
31403,2014,NA,NA,NA,NA,NA,NA
31501,2014,NA,NA,NA,NA,NA,NA
31502,2014,NA,NA,NA,NA,NA,NA
31503,2014,NA,NA,NA,NA,NA,NA
31601,2014,NA,NA,NA,NA,NA,NA
31602,2014,NA,NA,NA,NA,NA,NA
31603,2014,NA,NA,NA,NA,NA,NA
31605,2014,NA,NA,NA,NA,NA,NA
31606,2014,NA,NA,NA,NA,NA,NA
31607,2014,NA,NA,NA,NA,NA,NA
31608,2014,NA,NA,NA,NA,NA,NA
31701,2014,NA,NA,NA,NA,NA,NA
31801,2014,NA,NA,NA,NA,NA,NA
31802,2014,NA,NA,NA,NA,NA,NA
31901,2014,NA,NA,NA,NA,NA,NA
31902,2014,NA,NA,NA,NA,NA,NA
31903,2014,NA,NA,NA,NA,NA,NA
31904,2014,NA,NA,NA,NA,NA,NA
31905,2014,NA,NA,NA,NA,NA,NA
40101,2014,NA,NA,NA,NA,NA,NA
40102,2014,NA,NA,NA,NA,NA,NA
40103,2014,NA,NA,NA,NA,NA,NA
40104,2014,NA,NA,NA,NA,NA,NA
40105,2014,NA,NA,NA,NA,NA,NA
40106,2014,NA,NA,NA,NA,NA,NA
40107,2014,NA,NA,NA,NA,NA,NA
40201,2014,NA,NA,NA,NA,NA,NA
40202,2014,NA,NA,NA,NA,NA,NA
40203,2014,NA,NA,NA,NA,NA,NA
40204,2014,NA,NA,NA,NA,NA,NA
40205,2014,NA,NA,NA,NA,NA,NA
40301,2014,NA,NA,NA,NA,NA,NA
40302,2014,NA,NA,NA,NA,NA,NA
40303,2014,NA,NA,NA,NA,NA,NA
40304,2014,NA,NA,NA,NA,NA,NA
40401,2014,NA,NA,NA,NA,NA,NA
40402,2014,NA,NA,NA,NA,NA,NA
40403,2014,NA,NA,NA,NA,NA,NA
40501,2014,NA,NA,NA,NA,NA,NA
40502,2014,NA,NA,NA,NA,NA,NA
40503,2014,NA,NA,NA,NA,NA,NA
40504,2014,NA,NA,NA,NA,NA,NA
40601,2014,NA,NA,NA,NA,NA,NA
40602,2014,NA,NA,NA,NA,NA,NA
40701,2014,NA,NA,NA,NA,NA,NA
40702,2014,NA,NA,NA,NA,NA,NA
40703,2014,NA,NA,NA,NA,NA,NA
50101,2014,NA,NA,NA,NA,NA,NA
50102,2014,NA,NA,NA,NA,NA,NA
50103,2014,NA,NA,NA,NA,NA,NA
50201,2014,NA,NA,NA,NA,NA,NA
50301,2014,NA,NA,NA,NA,NA,NA
50302,2014,NA,NA,NA,NA,NA,NA
50401,2014,NA,NA,NA,NA,NA,NA
50402,2014,NA,NA,NA,NA,NA,NA
50403,2014,NA,NA,NA,NA,NA,NA
50501,2014,NA,NA,NA,NA,NA,NA
50502,2014,NA,NA,NA,NA,NA,NA
50503,2014,NA,NA,NA,NA,NA,NA
50601,2014,NA,NA,NA,NA,NA,NA
50602,2014,NA,NA,NA,NA,NA,NA
50603,2014,NA,NA,NA,NA,NA,NA
50604,2014,NA,NA,NA,NA,NA,NA
50605,2014,NA,NA,NA,NA,NA,NA
50606,2014,NA,NA,NA,NA,NA,NA
50607,2014,NA,NA,NA,NA,NA,NA
50701,2014,NA,NA,NA,NA,NA,NA
50702,2014,NA,NA,NA,NA,NA,NA
50703,2014,NA,NA,NA,NA,NA,NA
50704,2014,NA,NA,NA,NA,NA,NA
50705,2014,NA,NA,NA,NA,NA,NA
50901,2014,NA,NA,NA,NA,NA,NA
50902,2014,NA,NA,NA,NA,NA,NA
50903,2014,NA,NA,NA,NA,NA,NA
51001,2014,NA,NA,NA,NA,NA,NA
51002,2014,NA,NA,NA,NA,NA,NA
51003,2014,NA,NA,NA,NA,NA,NA
51101,2014,NA,NA,NA,NA,NA,NA
51102,2014,NA,NA,NA,NA,NA,NA
51103,2014,NA,NA,NA,NA,NA,NA
51104,2014,NA,NA,NA,NA,NA,NA
60101,2014,NA,NA,NA,NA,NA,NA
60102,2014,NA,NA,NA,NA,NA,NA
60103,2014,NA,NA,NA,NA,NA,NA
60104,2014,NA,NA,NA,NA,NA,NA
60105,2014,NA,NA,NA,NA,NA,NA
60106,2014,NA,NA,NA,NA,NA,NA
60201,2014,NA,NA,NA,NA,NA,NA
60202,2014,NA,NA,NA,NA,NA,NA
60203,2014,NA,NA,NA,NA,NA,NA
60301,2014,NA,NA,NA,NA,NA,NA
60302,2014,NA,NA,NA,NA,NA,NA
60303,2014,NA,NA,NA,NA,NA,NA
60401,2014,NA,NA,NA,NA,NA,NA
60402,2014,NA,NA,NA,NA,NA,NA
60403,2014,NA,NA,NA,NA,NA,NA
70101,2014,NA,NA,NA,NA,NA,NA
70102,2014,NA,NA,NA,NA,NA,NA
70103,2014,NA,NA,NA,NA,NA,NA
70104,2014,NA,NA,NA,NA,NA,NA
70201,2014,NA,NA,NA,NA,NA,NA
70202,2014,NA,NA,NA,NA,NA,NA
70203,2014,NA,NA,NA,NA,NA,NA
70204,2014,NA,NA,NA,NA,NA,NA
70205,2014,NA,NA,NA,NA,NA,NA
80101,2014,NA,NA,NA,NA,NA,NA
80103,2014,NA,NA,NA,NA,NA,NA
80104,2014,NA,NA,NA,NA,NA,NA
80105,2014,NA,NA,NA,NA,NA,NA
80106,2014,NA,NA,NA,NA,NA,NA
80107,2014,NA,NA,NA,NA,NA,NA
80108,2014,NA,NA,NA,NA,NA,NA
80109,2014,NA,NA,NA,NA,NA,NA
80110,2014,NA,NA,NA,NA,NA,NA
80111,2014,NA,NA,NA,NA,NA,NA
10102,2015,NA,NA,NA,NA,NA,NA
10103,2015,NA,NA,NA,NA,NA,NA
10104,2015,NA,NA,NA,NA,NA,NA
10105,2015,NA,NA,NA,NA,NA,NA
10106,2015,NA,NA,NA,NA,NA,NA
10201,2015,NA,NA,NA,NA,NA,NA
10202,2015,NA,NA,NA,NA,NA,NA
10301,2015,NA,NA,NA,NA,NA,NA
10302,2015,NA,NA,NA,NA,NA,NA
10303,2015,NA,NA,NA,NA,NA,NA
10304,2015,NA,NA,NA,NA,NA,NA
10401,2015,NA,NA,NA,NA,NA,NA
10402,2015,NA,NA,NA,NA,NA,NA
10501,2015,NA,NA,NA,NA,NA,NA
10502,2015,NA,NA,NA,NA,NA,NA
10503,2015,NA,NA,NA,NA,NA,NA
10601,2015,NA,NA,NA,NA,NA,NA
10602,2015,NA,NA,NA,NA,NA,NA
10603,2015,NA,NA,NA,NA,NA,NA
10604,2015,NA,NA,NA,NA,NA,NA
10701,2015,NA,NA,NA,NA,NA,NA
10702,2015,NA,NA,NA,NA,NA,NA
10703,2015,NA,NA,NA,NA,NA,NA
10704,2015,NA,NA,NA,NA,NA,NA
10801,2015,NA,NA,NA,NA,NA,NA
10802,2015,NA,NA,NA,NA,NA,NA
10803,2015,NA,NA,NA,NA,NA,NA
10804,2015,NA,NA,NA,NA,NA,NA
10805,2015,NA,NA,NA,NA,NA,NA
10901,2015,NA,NA,NA,NA,NA,NA
10902,2015,NA,NA,NA,NA,NA,NA
10903,2015,NA,NA,NA,NA,NA,NA
11001,2015,NA,NA,NA,NA,NA,NA
11002,2015,NA,NA,NA,NA,NA,NA
11003,2015,NA,NA,NA,NA,NA,NA
11004,2015,NA,NA,NA,NA,NA,NA
11101,2015,NA,NA,NA,NA,NA,NA
11102,2015,NA,NA,NA,NA,NA,NA
11103,2015,NA,NA,NA,NA,NA,NA
11201,2015,NA,NA,NA,NA,NA,NA
11202,2015,NA,NA,NA,NA,NA,NA
11203,2015,NA,NA,NA,NA,NA,NA
11301,2015,NA,NA,NA,NA,NA,NA
11302,2015,NA,NA,NA,NA,NA,NA
11303,2015,NA,NA,NA,NA,NA,NA
11401,2015,NA,NA,NA,NA,NA,NA
11402,2015,NA,NA,NA,NA,NA,NA
11501,2015,NA,NA,NA,NA,NA,NA
11502,2015,NA,NA,NA,NA,NA,NA
11503,2015,NA,NA,NA,NA,NA,NA
11504,2015,NA,NA,NA,NA,NA,NA
11601,2015,NA,NA,NA,NA,NA,NA
11602,2015,NA,NA,NA,NA,NA,NA
11603,2015,NA,NA,NA,NA,NA,NA
11701,2015,NA,NA,NA,NA,NA,NA
11702,2015,NA,NA,NA,NA,NA,NA
11703,2015,NA,NA,NA,NA,NA,NA
11801,2015,NA,NA,NA,NA,NA,NA
11802,2015,NA,NA,NA,NA,NA,NA
11901,2015,NA,NA,NA,NA,NA,NA
11902,2015,NA,NA,NA,NA,NA,NA
11903,2015,NA,NA,NA,NA,NA,NA
11904,2015,NA,NA,NA,NA,NA,NA
12001,2015,NA,NA,NA,NA,NA,NA
12002,2015,NA,NA,NA,NA,NA,NA
12003,2015,NA,NA,NA,NA,NA,NA
12101,2015,NA,NA,NA,NA,NA,NA
12102,2015,NA,NA,NA,NA,NA,NA
12103,2015,NA,NA,NA,NA,NA,NA
12104,2015,NA,NA,NA,NA,NA,NA
12201,2015,NA,NA,NA,NA,NA,NA
12202,2015,NA,NA,NA,NA,NA,NA
12203,2015,NA,NA,NA,NA,NA,NA
12301,2015,NA,NA,NA,NA,NA,NA
12302,2015,NA,NA,NA,NA,NA,NA
12303,2015,NA,NA,NA,NA,NA,NA
12401,2015,NA,NA,NA,NA,NA,NA
12402,2015,NA,NA,NA,NA,NA,NA
12403,2015,NA,NA,NA,NA,NA,NA
12404,2015,NA,NA,NA,NA,NA,NA
12405,2015,NA,NA,NA,NA,NA,NA
12501,2015,NA,NA,NA,NA,NA,NA
12502,2015,NA,NA,NA,NA,NA,NA
12503,2015,NA,NA,NA,NA,NA,NA
12504,2015,NA,NA,NA,NA,NA,NA
12601,2015,NA,NA,NA,NA,NA,NA
12602,2015,NA,NA,NA,NA,NA,NA
12701,2015,NA,NA,NA,NA,NA,NA
12702,2015,NA,NA,NA,NA,NA,NA
12703,2015,NA,NA,NA,NA,NA,NA
12801,2015,NA,NA,NA,NA,NA,NA
12802,2015,NA,NA,NA,NA,NA,NA
20101,2015,NA,NA,NA,NA,NA,NA
20102,2015,NA,NA,NA,NA,NA,NA
20103,2015,NA,NA,NA,NA,NA,NA
20201,2015,NA,NA,NA,NA,NA,NA
20202,2015,NA,NA,NA,NA,NA,NA
20203,2015,NA,NA,NA,NA,NA,NA
20301,2015,NA,NA,NA,NA,NA,NA
20302,2015,NA,NA,NA,NA,NA,NA
20303,2015,NA,NA,NA,NA,NA,NA
20401,2015,NA,NA,NA,NA,NA,NA
20402,2015,NA,NA,NA,NA,NA,NA
20403,2015,NA,NA,NA,NA,NA,NA
20501,2015,NA,NA,NA,NA,NA,NA
20502,2015,NA,NA,NA,NA,NA,NA
20503,2015,NA,NA,NA,NA,NA,NA
20504,2015,NA,NA,NA,NA,NA,NA
20505,2015,NA,NA,NA,NA,NA,NA
20601,2015,NA,NA,NA,NA,NA,NA
20602,2015,NA,NA,NA,NA,NA,NA
20603,2015,NA,NA,NA,NA,NA,NA
20604,2015,NA,NA,NA,NA,NA,NA
20605,2015,NA,NA,NA,NA,NA,NA
20606,2015,NA,NA,NA,NA,NA,NA
20607,2015,NA,NA,NA,NA,NA,NA
20701,2015,NA,NA,NA,NA,NA,NA
20702,2015,NA,NA,NA,NA,NA,NA
20703,2015,NA,NA,NA,NA,NA,NA
20801,2015,NA,NA,NA,NA,NA,NA
20802,2015,NA,NA,NA,NA,NA,NA
20803,2015,NA,NA,NA,NA,NA,NA
20804,2015,NA,NA,NA,NA,NA,NA
20901,2015,NA,NA,NA,NA,NA,NA
20902,2015,NA,NA,NA,NA,NA,NA
20903,2015,NA,NA,NA,NA,NA,NA
20904,2015,NA,NA,NA,NA,NA,NA
21001,2015,NA,NA,NA,NA,NA,NA
21002,2015,NA,NA,NA,NA,NA,NA
21003,2015,NA,NA,NA,NA,NA,NA
21004,2015,NA,NA,NA,NA,NA,NA
21005,2015,NA,NA,NA,NA,NA,NA
21101,2015,NA,NA,NA,NA,NA,NA
21102,2015,NA,NA,NA,NA,NA,NA
21103,2015,NA,NA,NA,NA,NA,NA
21104,2015,NA,NA,NA,NA,NA,NA
21105,2015,NA,NA,NA,NA,NA,NA
21201,2015,NA,NA,NA,NA,NA,NA
21202,2015,NA,NA,NA,NA,NA,NA
21203,2015,NA,NA,NA,NA,NA,NA
21204,2015,NA,NA,NA,NA,NA,NA
21205,2015,NA,NA,NA,NA,NA,NA
21301,2015,NA,NA,NA,NA,NA,NA
21302,2015,NA,NA,NA,NA,NA,NA
21303,2015,NA,NA,NA,NA,NA,NA
21304,2015,NA,NA,NA,NA,NA,NA
21305,2015,NA,NA,NA,NA,NA,NA
21401,2015,NA,NA,NA,NA,NA,NA
21402,2015,NA,NA,NA,NA,NA,NA
21501,2015,NA,NA,NA,NA,NA,NA
21502,2015,NA,NA,NA,NA,NA,NA
21503,2015,NA,NA,NA,NA,NA,NA
21601,2015,NA,NA,NA,NA,NA,NA
21602,2015,NA,NA,NA,NA,NA,NA
21603,2015,NA,NA,NA,NA,NA,NA
21701,2015,NA,NA,NA,NA,NA,NA
21703,2015,NA,NA,NA,NA,NA,NA
21704,2015,NA,NA,NA,NA,NA,NA
30101,2015,NA,NA,NA,NA,NA,NA
30102,2015,NA,NA,NA,NA,NA,NA
30103,2015,NA,NA,NA,NA,NA,NA
30201,2015,NA,NA,NA,NA,NA,NA
30202,2015,NA,NA,NA,NA,NA,NA
30203,2015,NA,NA,NA,NA,NA,NA
30204,2015,NA,NA,NA,NA,NA,NA
30301,2015,NA,NA,NA,NA,NA,NA
30302,2015,NA,NA,NA,NA,NA,NA
30303,2015,NA,NA,NA,NA,NA,NA
30304,2015,NA,NA,NA,NA,NA,NA
30305,2015,NA,NA,NA,NA,NA,NA
30306,2015,NA,NA,NA,NA,NA,NA
30401,2015,NA,NA,NA,NA,NA,NA
30402,2015,NA,NA,NA,NA,NA,NA
30403,2015,NA,NA,NA,NA,NA,NA
30404,2015,NA,NA,NA,NA,NA,NA
30501,2015,NA,NA,NA,NA,NA,NA
30502,2015,NA,NA,NA,NA,NA,NA
30503,2015,NA,NA,NA,NA,NA,NA
30504,2015,NA,NA,NA,NA,NA,NA
30601,2015,NA,NA,NA,NA,NA,NA
30602,2015,NA,NA,NA,NA,NA,NA
30603,2015,NA,NA,NA,NA,NA,NA
30604,2015,NA,NA,NA,NA,NA,NA
30605,2015,NA,NA,NA,NA,NA,NA
30701,2015,NA,NA,NA,NA,NA,NA
30702,2015,NA,NA,NA,NA,NA,NA
30703,2015,NA,NA,NA,NA,NA,NA
30801,2015,NA,NA,NA,NA,NA,NA
30803,2015,NA,NA,NA,NA,NA,NA
30804,2015,NA,NA,NA,NA,NA,NA
30805,2015,NA,NA,NA,NA,NA,NA
30901,2015,NA,NA,NA,NA,NA,NA
30902,2015,NA,NA,NA,NA,NA,NA
30903,2015,NA,NA,NA,NA,NA,NA
30904,2015,NA,NA,NA,NA,NA,NA
30905,2015,NA,NA,NA,NA,NA,NA
30906,2015,NA,NA,NA,NA,NA,NA
30907,2015,NA,NA,NA,NA,NA,NA
30908,2015,NA,NA,NA,NA,NA,NA
30909,2015,NA,NA,NA,NA,NA,NA
30910,2015,NA,NA,NA,NA,NA,NA
31001,2015,NA,NA,NA,NA,NA,NA
31002,2015,NA,NA,NA,NA,NA,NA
31003,2015,NA,NA,NA,NA,NA,NA
31004,2015,NA,NA,NA,NA,NA,NA
31101,2015,NA,NA,NA,NA,NA,NA
31102,2015,NA,NA,NA,NA,NA,NA
31103,2015,NA,NA,NA,NA,NA,NA
31104,2015,NA,NA,NA,NA,NA,NA
31105,2015,NA,NA,NA,NA,NA,NA
31106,2015,NA,NA,NA,NA,NA,NA
31201,2015,NA,NA,NA,NA,NA,NA
31202,2015,NA,NA,NA,NA,NA,NA
31203,2015,NA,NA,NA,NA,NA,NA
31301,2015,NA,NA,NA,NA,NA,NA
31302,2015,NA,NA,NA,NA,NA,NA
31303,2015,NA,NA,NA,NA,NA,NA
31304,2015,NA,NA,NA,NA,NA,NA
31305,2015,NA,NA,NA,NA,NA,NA
31401,2015,NA,NA,NA,NA,NA,NA
31402,2015,NA,NA,NA,NA,NA,NA
31403,2015,NA,NA,NA,NA,NA,NA
31501,2015,NA,NA,NA,NA,NA,NA
31502,2015,NA,NA,NA,NA,NA,NA
31503,2015,NA,NA,NA,NA,NA,NA
31601,2015,NA,NA,NA,NA,NA,NA
31602,2015,NA,NA,NA,NA,NA,NA
31603,2015,NA,NA,NA,NA,NA,NA
31605,2015,NA,NA,NA,NA,NA,NA
31606,2015,NA,NA,NA,NA,NA,NA
31607,2015,NA,NA,NA,NA,NA,NA
31608,2015,NA,NA,NA,NA,NA,NA
31701,2015,NA,NA,NA,NA,NA,NA
31801,2015,NA,NA,NA,NA,NA,NA
31802,2015,NA,NA,NA,NA,NA,NA
31901,2015,NA,NA,NA,NA,NA,NA
31902,2015,NA,NA,NA,NA,NA,NA
31903,2015,NA,NA,NA,NA,NA,NA
31904,2015,NA,NA,NA,NA,NA,NA
31905,2015,NA,NA,NA,NA,NA,NA
40101,2015,NA,NA,NA,NA,NA,NA
40102,2015,NA,NA,NA,NA,NA,NA
40103,2015,NA,NA,NA,NA,NA,NA
40104,2015,NA,NA,NA,NA,NA,NA
40105,2015,NA,NA,NA,NA,NA,NA
40106,2015,NA,NA,NA,NA,NA,NA
40107,2015,NA,NA,NA,NA,NA,NA
40201,2015,NA,NA,NA,NA,NA,NA
40202,2015,NA,NA,NA,NA,NA,NA
40203,2015,NA,NA,NA,NA,NA,NA
40204,2015,NA,NA,NA,NA,NA,NA
40205,2015,NA,NA,NA,NA,NA,NA
40301,2015,NA,NA,NA,NA,NA,NA
40302,2015,NA,NA,NA,NA,NA,NA
40303,2015,NA,NA,NA,NA,NA,NA
40304,2015,NA,NA,NA,NA,NA,NA
40401,2015,NA,NA,NA,NA,NA,NA
40402,2015,NA,NA,NA,NA,NA,NA
40403,2015,NA,NA,NA,NA,NA,NA
40501,2015,NA,NA,NA,NA,NA,NA
40502,2015,NA,NA,NA,NA,NA,NA
40503,2015,NA,NA,NA,NA,NA,NA
40504,2015,NA,NA,NA,NA,NA,NA
40601,2015,NA,NA,NA,NA,NA,NA
40602,2015,NA,NA,NA,NA,NA,NA
40701,2015,NA,NA,NA,NA,NA,NA
40702,2015,NA,NA,NA,NA,NA,NA
40703,2015,NA,NA,NA,NA,NA,NA
50101,2015,NA,NA,NA,NA,NA,NA
50102,2015,NA,NA,NA,NA,NA,NA
50103,2015,NA,NA,NA,NA,NA,NA
50201,2015,NA,NA,NA,NA,NA,NA
50301,2015,NA,NA,NA,NA,NA,NA
50302,2015,NA,NA,NA,NA,NA,NA
50401,2015,NA,NA,NA,NA,NA,NA
50402,2015,NA,NA,NA,NA,NA,NA
50403,2015,NA,NA,NA,NA,NA,NA
50501,2015,NA,NA,NA,NA,NA,NA
50502,2015,NA,NA,NA,NA,NA,NA
50503,2015,NA,NA,NA,NA,NA,NA
50601,2015,NA,NA,NA,NA,NA,NA
50602,2015,NA,NA,NA,NA,NA,NA
50603,2015,NA,NA,NA,NA,NA,NA
50604,2015,NA,NA,NA,NA,NA,NA
50605,2015,NA,NA,NA,NA,NA,NA
50606,2015,NA,NA,NA,NA,NA,NA
50607,2015,NA,NA,NA,NA,NA,NA
50701,2015,NA,NA,NA,NA,NA,NA
50702,2015,NA,NA,NA,NA,NA,NA
50703,2015,NA,NA,NA,NA,NA,NA
50704,2015,NA,NA,NA,NA,NA,NA
50705,2015,NA,NA,NA,NA,NA,NA
50901,2015,NA,NA,NA,NA,NA,NA
50902,2015,NA,NA,NA,NA,NA,NA
50903,2015,NA,NA,NA,NA,NA,NA
51001,2015,NA,NA,NA,NA,NA,NA
51002,2015,NA,NA,NA,NA,NA,NA
51003,2015,NA,NA,NA,NA,NA,NA
51101,2015,NA,NA,NA,NA,NA,NA
51102,2015,NA,NA,NA,NA,NA,NA
51103,2015,NA,NA,NA,NA,NA,NA
51104,2015,NA,NA,NA,NA,NA,NA
60101,2015,NA,NA,NA,NA,NA,NA
60102,2015,NA,NA,NA,NA,NA,NA
60103,2015,NA,NA,NA,NA,NA,NA
60104,2015,NA,NA,NA,NA,NA,NA
60105,2015,NA,NA,NA,NA,NA,NA
60106,2015,NA,NA,NA,NA,NA,NA
60201,2015,NA,NA,NA,NA,NA,NA
60202,2015,NA,NA,NA,NA,NA,NA
60203,2015,NA,NA,NA,NA,NA,NA
60301,2015,NA,NA,NA,NA,NA,NA
60302,2015,NA,NA,NA,NA,NA,NA
60303,2015,NA,NA,NA,NA,NA,NA
60401,2015,NA,NA,NA,NA,NA,NA
60402,2015,NA,NA,NA,NA,NA,NA
60403,2015,NA,NA,NA,NA,NA,NA
70101,2015,NA,NA,NA,NA,NA,NA
70102,2015,NA,NA,NA,NA,NA,NA
70103,2015,NA,NA,NA,NA,NA,NA
70104,2015,NA,NA,NA,NA,NA,NA
70201,2015,NA,NA,NA,NA,NA,NA
70202,2015,NA,NA,NA,NA,NA,NA
70203,2015,NA,NA,NA,NA,NA,NA
70204,2015,NA,NA,NA,NA,NA,NA
70205,2015,NA,NA,NA,NA,NA,NA
80101,2015,NA,NA,NA,NA,NA,NA
80103,2015,NA,NA,NA,NA,NA,NA
80104,2015,NA,NA,NA,NA,NA,NA
80105,2015,NA,NA,NA,NA,NA,NA
80106,2015,NA,NA,NA,NA,NA,NA
80107,2015,NA,NA,NA,NA,NA,NA
80108,2015,NA,NA,NA,NA,NA,NA
80109,2015,NA,NA,NA,NA,NA,NA
80110,2015,NA,NA,NA,NA,NA,NA
80111,2015,NA,NA,NA,NA,NA,NA
10102,2016,NA,NA,NA,NA,NA,NA
10103,2016,NA,NA,NA,NA,NA,NA
10104,2016,NA,NA,NA,NA,NA,NA
10105,2016,NA,NA,NA,NA,NA,NA
10106,2016,NA,NA,NA,NA,NA,NA
10201,2016,NA,NA,NA,NA,NA,NA
10202,2016,NA,NA,NA,NA,NA,NA
10301,2016,NA,NA,NA,NA,NA,NA
10302,2016,NA,NA,NA,NA,NA,NA
10303,2016,NA,NA,NA,NA,NA,NA
10304,2016,NA,NA,NA,NA,NA,NA
10401,2016,NA,NA,NA,NA,NA,NA
10402,2016,NA,NA,NA,NA,NA,NA
10501,2016,NA,NA,NA,NA,NA,NA
10502,2016,NA,NA,NA,NA,NA,NA
10503,2016,NA,NA,NA,NA,NA,NA
10601,2016,NA,NA,NA,NA,NA,NA
10602,2016,NA,NA,NA,NA,NA,NA
10603,2016,NA,NA,NA,NA,NA,NA
10604,2016,NA,NA,NA,NA,NA,NA
10701,2016,NA,NA,NA,NA,NA,NA
10702,2016,NA,NA,NA,NA,NA,NA
10703,2016,NA,NA,NA,NA,NA,NA
10704,2016,NA,NA,NA,NA,NA,NA
10801,2016,NA,NA,NA,NA,NA,NA
10802,2016,NA,NA,NA,NA,NA,NA
10803,2016,NA,NA,NA,NA,NA,NA
10804,2016,NA,NA,NA,NA,NA,NA
10805,2016,NA,NA,NA,NA,NA,NA
10901,2016,NA,NA,NA,NA,NA,NA
10902,2016,NA,NA,NA,NA,NA,NA
10903,2016,NA,NA,NA,NA,NA,NA
11001,2016,NA,NA,NA,NA,NA,NA
11002,2016,NA,NA,NA,NA,NA,NA
11003,2016,NA,NA,NA,NA,NA,NA
11004,2016,NA,NA,NA,NA,NA,NA
11101,2016,NA,NA,NA,NA,NA,NA
11102,2016,NA,NA,NA,NA,NA,NA
11103,2016,NA,NA,NA,NA,NA,NA
11201,2016,NA,NA,NA,NA,NA,NA
11202,2016,NA,NA,NA,NA,NA,NA
11203,2016,NA,NA,NA,NA,NA,NA
11301,2016,NA,NA,NA,NA,NA,NA
11302,2016,NA,NA,NA,NA,NA,NA
11303,2016,NA,NA,NA,NA,NA,NA
11401,2016,NA,NA,NA,NA,NA,NA
11402,2016,NA,NA,NA,NA,NA,NA
11501,2016,NA,NA,NA,NA,NA,NA
11502,2016,NA,NA,NA,NA,NA,NA
11503,2016,NA,NA,NA,NA,NA,NA
11504,2016,NA,NA,NA,NA,NA,NA
11601,2016,NA,NA,NA,NA,NA,NA
11602,2016,NA,NA,NA,NA,NA,NA
11603,2016,NA,NA,NA,NA,NA,NA
11701,2016,NA,NA,NA,NA,NA,NA
11702,2016,NA,NA,NA,NA,NA,NA
11703,2016,NA,NA,NA,NA,NA,NA
11801,2016,NA,NA,NA,NA,NA,NA
11802,2016,NA,NA,NA,NA,NA,NA
11901,2016,NA,NA,NA,NA,NA,NA
11902,2016,NA,NA,NA,NA,NA,NA
11903,2016,NA,NA,NA,NA,NA,NA
11904,2016,NA,NA,NA,NA,NA,NA
12001,2016,NA,NA,NA,NA,NA,NA
12002,2016,NA,NA,NA,NA,NA,NA
12003,2016,NA,NA,NA,NA,NA,NA
12101,2016,NA,NA,NA,NA,NA,NA
12102,2016,NA,NA,NA,NA,NA,NA
12103,2016,NA,NA,NA,NA,NA,NA
12104,2016,NA,NA,NA,NA,NA,NA
12201,2016,NA,NA,NA,NA,NA,NA
12202,2016,NA,NA,NA,NA,NA,NA
12203,2016,NA,NA,NA,NA,NA,NA
12301,2016,NA,NA,NA,NA,NA,NA
12302,2016,NA,NA,NA,NA,NA,NA
12303,2016,NA,NA,NA,NA,NA,NA
12401,2016,NA,NA,NA,NA,NA,NA
12402,2016,NA,NA,NA,NA,NA,NA
12403,2016,NA,NA,NA,NA,NA,NA
12404,2016,NA,NA,NA,NA,NA,NA
12405,2016,NA,NA,NA,NA,NA,NA
12501,2016,NA,NA,NA,NA,NA,NA
12502,2016,NA,NA,NA,NA,NA,NA
12503,2016,NA,NA,NA,NA,NA,NA
12504,2016,NA,NA,NA,NA,NA,NA
12601,2016,NA,NA,NA,NA,NA,NA
12602,2016,NA,NA,NA,NA,NA,NA
12701,2016,NA,NA,NA,NA,NA,NA
12702,2016,NA,NA,NA,NA,NA,NA
12703,2016,NA,NA,NA,NA,NA,NA
12801,2016,NA,NA,NA,NA,NA,NA
12802,2016,NA,NA,NA,NA,NA,NA
20101,2016,NA,NA,NA,NA,NA,NA
20102,2016,NA,NA,NA,NA,NA,NA
20103,2016,NA,NA,NA,NA,NA,NA
20201,2016,NA,NA,NA,NA,NA,NA
20202,2016,NA,NA,NA,NA,NA,NA
20203,2016,NA,NA,NA,NA,NA,NA
20301,2016,NA,NA,NA,NA,NA,NA
20302,2016,NA,NA,NA,NA,NA,NA
20303,2016,NA,NA,NA,NA,NA,NA
20401,2016,NA,NA,NA,NA,NA,NA
20402,2016,NA,NA,NA,NA,NA,NA
20403,2016,NA,NA,NA,NA,NA,NA
20501,2016,NA,NA,NA,NA,NA,NA
20502,2016,NA,NA,NA,NA,NA,NA
20503,2016,NA,NA,NA,NA,NA,NA
20504,2016,NA,NA,NA,NA,NA,NA
20505,2016,NA,NA,NA,NA,NA,NA
20601,2016,NA,NA,NA,NA,NA,NA
20602,2016,NA,NA,NA,NA,NA,NA
20603,2016,NA,NA,NA,NA,NA,NA
20604,2016,NA,NA,NA,NA,NA,NA
20605,2016,NA,NA,NA,NA,NA,NA
20606,2016,NA,NA,NA,NA,NA,NA
20607,2016,NA,NA,NA,NA,NA,NA
20701,2016,NA,NA,NA,NA,NA,NA
20702,2016,NA,NA,NA,NA,NA,NA
20703,2016,NA,NA,NA,NA,NA,NA
20801,2016,NA,NA,NA,NA,NA,NA
20802,2016,NA,NA,NA,NA,NA,NA
20803,2016,NA,NA,NA,NA,NA,NA
20804,2016,NA,NA,NA,NA,NA,NA
20901,2016,NA,NA,NA,NA,NA,NA
20902,2016,NA,NA,NA,NA,NA,NA
20903,2016,NA,NA,NA,NA,NA,NA
20904,2016,NA,NA,NA,NA,NA,NA
21001,2016,NA,NA,NA,NA,NA,NA
21002,2016,NA,NA,NA,NA,NA,NA
21003,2016,NA,NA,NA,NA,NA,NA
21004,2016,NA,NA,NA,NA,NA,NA
21005,2016,NA,NA,NA,NA,NA,NA
21101,2016,NA,NA,NA,NA,NA,NA
21102,2016,NA,NA,NA,NA,NA,NA
21103,2016,NA,NA,NA,NA,NA,NA
21104,2016,NA,NA,NA,NA,NA,NA
21105,2016,NA,NA,NA,NA,NA,NA
21201,2016,NA,NA,NA,NA,NA,NA
21202,2016,NA,NA,NA,NA,NA,NA
21203,2016,NA,NA,NA,NA,NA,NA
21204,2016,NA,NA,NA,NA,NA,NA
21205,2016,NA,NA,NA,NA,NA,NA
21301,2016,NA,NA,NA,NA,NA,NA
21302,2016,NA,NA,NA,NA,NA,NA
21303,2016,NA,NA,NA,NA,NA,NA
21304,2016,NA,NA,NA,NA,NA,NA
21305,2016,NA,NA,NA,NA,NA,NA
21401,2016,NA,NA,NA,NA,NA,NA
21402,2016,NA,NA,NA,NA,NA,NA
21501,2016,NA,NA,NA,NA,NA,NA
21502,2016,NA,NA,NA,NA,NA,NA
21503,2016,NA,NA,NA,NA,NA,NA
21601,2016,NA,NA,NA,NA,NA,NA
21602,2016,NA,NA,NA,NA,NA,NA
21603,2016,NA,NA,NA,NA,NA,NA
21701,2016,NA,NA,NA,NA,NA,NA
21703,2016,NA,NA,NA,NA,NA,NA
21704,2016,NA,NA,NA,NA,NA,NA
30101,2016,NA,NA,NA,NA,NA,NA
30102,2016,NA,NA,NA,NA,NA,NA
30103,2016,NA,NA,NA,NA,NA,NA
30201,2016,NA,NA,NA,NA,NA,NA
30202,2016,NA,NA,NA,NA,NA,NA
30203,2016,NA,NA,NA,NA,NA,NA
30204,2016,NA,NA,NA,NA,NA,NA
30301,2016,NA,NA,NA,NA,NA,NA
30302,2016,NA,NA,NA,NA,NA,NA
30303,2016,NA,NA,NA,NA,NA,NA
30304,2016,NA,NA,NA,NA,NA,NA
30305,2016,NA,NA,NA,NA,NA,NA
30306,2016,NA,NA,NA,NA,NA,NA
30401,2016,NA,NA,NA,NA,NA,NA
30402,2016,NA,NA,NA,NA,NA,NA
30403,2016,NA,NA,NA,NA,NA,NA
30404,2016,NA,NA,NA,NA,NA,NA
30501,2016,NA,NA,NA,NA,NA,NA
30502,2016,NA,NA,NA,NA,NA,NA
30503,2016,NA,NA,NA,NA,NA,NA
30504,2016,NA,NA,NA,NA,NA,NA
30601,2016,NA,NA,NA,NA,NA,NA
30602,2016,NA,NA,NA,NA,NA,NA
30603,2016,NA,NA,NA,NA,NA,NA
30604,2016,NA,NA,NA,NA,NA,NA
30605,2016,NA,NA,NA,NA,NA,NA
30701,2016,NA,NA,NA,NA,NA,NA
30702,2016,NA,NA,NA,NA,NA,NA
30703,2016,NA,NA,NA,NA,NA,NA
30801,2016,NA,NA,NA,NA,NA,NA
30803,2016,NA,NA,NA,NA,NA,NA
30804,2016,NA,NA,NA,NA,NA,NA
30805,2016,NA,NA,NA,NA,NA,NA
30901,2016,NA,NA,NA,NA,NA,NA
30902,2016,NA,NA,NA,NA,NA,NA
30903,2016,NA,NA,NA,NA,NA,NA
30904,2016,NA,NA,NA,NA,NA,NA
30905,2016,NA,NA,NA,NA,NA,NA
30906,2016,NA,NA,NA,NA,NA,NA
30907,2016,NA,NA,NA,NA,NA,NA
30908,2016,NA,NA,NA,NA,NA,NA
30909,2016,NA,NA,NA,NA,NA,NA
30910,2016,NA,NA,NA,NA,NA,NA
31001,2016,NA,NA,NA,NA,NA,NA
31002,2016,NA,NA,NA,NA,NA,NA
31003,2016,NA,NA,NA,NA,NA,NA
31004,2016,NA,NA,NA,NA,NA,NA
31101,2016,NA,NA,NA,NA,NA,NA
31102,2016,NA,NA,NA,NA,NA,NA
31103,2016,NA,NA,NA,NA,NA,NA
31104,2016,NA,NA,NA,NA,NA,NA
31105,2016,NA,NA,NA,NA,NA,NA
31106,2016,NA,NA,NA,NA,NA,NA
31201,2016,NA,NA,NA,NA,NA,NA
31202,2016,NA,NA,NA,NA,NA,NA
31203,2016,NA,NA,NA,NA,NA,NA
31301,2016,NA,NA,NA,NA,NA,NA
31302,2016,NA,NA,NA,NA,NA,NA
31303,2016,NA,NA,NA,NA,NA,NA
31304,2016,NA,NA,NA,NA,NA,NA
31305,2016,NA,NA,NA,NA,NA,NA
31401,2016,NA,NA,NA,NA,NA,NA
31402,2016,NA,NA,NA,NA,NA,NA
31403,2016,NA,NA,NA,NA,NA,NA
31501,2016,NA,NA,NA,NA,NA,NA
31502,2016,NA,NA,NA,NA,NA,NA
31503,2016,NA,NA,NA,NA,NA,NA
31601,2016,NA,NA,NA,NA,NA,NA
31602,2016,NA,NA,NA,NA,NA,NA
31603,2016,NA,NA,NA,NA,NA,NA
31605,2016,NA,NA,NA,NA,NA,NA
31606,2016,NA,NA,NA,NA,NA,NA
31607,2016,NA,NA,NA,NA,NA,NA
31608,2016,NA,NA,NA,NA,NA,NA
31701,2016,NA,NA,NA,NA,NA,NA
31801,2016,NA,NA,NA,NA,NA,NA
31802,2016,NA,NA,NA,NA,NA,NA
31901,2016,NA,NA,NA,NA,NA,NA
31902,2016,NA,NA,NA,NA,NA,NA
31903,2016,NA,NA,NA,NA,NA,NA
31904,2016,NA,NA,NA,NA,NA,NA
31905,2016,NA,NA,NA,NA,NA,NA
40101,2016,NA,NA,NA,NA,NA,NA
40102,2016,NA,NA,NA,NA,NA,NA
40103,2016,NA,NA,NA,NA,NA,NA
40104,2016,NA,NA,NA,NA,NA,NA
40105,2016,NA,NA,NA,NA,NA,NA
40106,2016,NA,NA,NA,NA,NA,NA
40107,2016,NA,NA,NA,NA,NA,NA
40201,2016,NA,NA,NA,NA,NA,NA
40202,2016,NA,NA,NA,NA,NA,NA
40203,2016,NA,NA,NA,NA,NA,NA
40204,2016,NA,NA,NA,NA,NA,NA
40205,2016,NA,NA,NA,NA,NA,NA
40301,2016,NA,NA,NA,NA,NA,NA
40302,2016,NA,NA,NA,NA,NA,NA
40303,2016,NA,NA,NA,NA,NA,NA
40304,2016,NA,NA,NA,NA,NA,NA
40401,2016,NA,NA,NA,NA,NA,NA
40402,2016,NA,NA,NA,NA,NA,NA
40403,2016,NA,NA,NA,NA,NA,NA
40501,2016,NA,NA,NA,NA,NA,NA
40502,2016,NA,NA,NA,NA,NA,NA
40503,2016,NA,NA,NA,NA,NA,NA
40504,2016,NA,NA,NA,NA,NA,NA
40601,2016,NA,NA,NA,NA,NA,NA
40602,2016,NA,NA,NA,NA,NA,NA
40701,2016,NA,NA,NA,NA,NA,NA
40702,2016,NA,NA,NA,NA,NA,NA
40703,2016,NA,NA,NA,NA,NA,NA
50101,2016,NA,NA,NA,NA,NA,NA
50102,2016,NA,NA,NA,NA,NA,NA
50103,2016,NA,NA,NA,NA,NA,NA
50201,2016,NA,NA,NA,NA,NA,NA
50301,2016,NA,NA,NA,NA,NA,NA
50302,2016,NA,NA,NA,NA,NA,NA
50401,2016,NA,NA,NA,NA,NA,NA
50402,2016,NA,NA,NA,NA,NA,NA
50403,2016,NA,NA,NA,NA,NA,NA
50501,2016,NA,NA,NA,NA,NA,NA
50502,2016,NA,NA,NA,NA,NA,NA
50503,2016,NA,NA,NA,NA,NA,NA
50601,2016,NA,NA,NA,NA,NA,NA
50602,2016,NA,NA,NA,NA,NA,NA
50603,2016,NA,NA,NA,NA,NA,NA
50604,2016,NA,NA,NA,NA,NA,NA
50605,2016,NA,NA,NA,NA,NA,NA
50606,2016,NA,NA,NA,NA,NA,NA
50607,2016,NA,NA,NA,NA,NA,NA
50701,2016,NA,NA,NA,NA,NA,NA
50702,2016,NA,NA,NA,NA,NA,NA
50703,2016,NA,NA,NA,NA,NA,NA
50704,2016,NA,NA,NA,NA,NA,NA
50705,2016,NA,NA,NA,NA,NA,NA
50901,2016,NA,NA,NA,NA,NA,NA
50902,2016,NA,NA,NA,NA,NA,NA
50903,2016,NA,NA,NA,NA,NA,NA
51001,2016,NA,NA,NA,NA,NA,NA
51002,2016,NA,NA,NA,NA,NA,NA
51003,2016,NA,NA,NA,NA,NA,NA
51101,2016,NA,NA,NA,NA,NA,NA
51102,2016,NA,NA,NA,NA,NA,NA
51103,2016,NA,NA,NA,NA,NA,NA
51104,2016,NA,NA,NA,NA,NA,NA
60101,2016,NA,NA,NA,NA,NA,NA
60102,2016,NA,NA,NA,NA,NA,NA
60103,2016,NA,NA,NA,NA,NA,NA
60104,2016,NA,NA,NA,NA,NA,NA
60105,2016,NA,NA,NA,NA,NA,NA
60106,2016,NA,NA,NA,NA,NA,NA
60201,2016,NA,NA,NA,NA,NA,NA
60202,2016,NA,NA,NA,NA,NA,NA
60203,2016,NA,NA,NA,NA,NA,NA
60301,2016,NA,NA,NA,NA,NA,NA
60302,2016,NA,NA,NA,NA,NA,NA
60303,2016,NA,NA,NA,NA,NA,NA
60401,2016,NA,NA,NA,NA,NA,NA
60402,2016,NA,NA,NA,NA,NA,NA
60403,2016,NA,NA,NA,NA,NA,NA
70101,2016,NA,NA,NA,NA,NA,NA
70102,2016,NA,NA,NA,NA,NA,NA
70103,2016,NA,NA,NA,NA,NA,NA
70104,2016,NA,NA,NA,NA,NA,NA
70201,2016,NA,NA,NA,NA,NA,NA
70202,2016,NA,NA,NA,NA,NA,NA
70203,2016,NA,NA,NA,NA,NA,NA
70204,2016,NA,NA,NA,NA,NA,NA
70205,2016,NA,NA,NA,NA,NA,NA
80101,2016,NA,NA,NA,NA,NA,NA
80103,2016,NA,NA,NA,NA,NA,NA
80104,2016,NA,NA,NA,NA,NA,NA
80105,2016,NA,NA,NA,NA,NA,NA
80106,2016,NA,NA,NA,NA,NA,NA
80107,2016,NA,NA,NA,NA,NA,NA
80108,2016,NA,NA,NA,NA,NA,NA
80109,2016,NA,NA,NA,NA,NA,NA
80110,2016,NA,NA,NA,NA,NA,NA
80111,2016,NA,NA,NA,NA,NA,NA
10102,2017,NA,NA,NA,NA,NA,NA
10103,2017,NA,NA,NA,NA,NA,NA
10104,2017,NA,NA,NA,NA,NA,NA
10105,2017,NA,NA,NA,NA,NA,NA
10106,2017,NA,NA,NA,NA,NA,NA
10201,2017,NA,NA,NA,NA,NA,NA
10202,2017,NA,NA,NA,NA,NA,NA
10301,2017,NA,NA,NA,NA,NA,NA
10302,2017,NA,NA,NA,NA,NA,NA
10303,2017,NA,NA,NA,NA,NA,NA
10304,2017,NA,NA,NA,NA,NA,NA
10401,2017,NA,NA,NA,NA,NA,NA
10402,2017,NA,NA,NA,NA,NA,NA
10501,2017,NA,NA,NA,NA,NA,NA
10502,2017,NA,NA,NA,NA,NA,NA
10503,2017,NA,NA,NA,NA,NA,NA
10601,2017,NA,NA,NA,NA,NA,NA
10602,2017,NA,NA,NA,NA,NA,NA
10603,2017,NA,NA,NA,NA,NA,NA
10604,2017,NA,NA,NA,NA,NA,NA
10701,2017,NA,NA,NA,NA,NA,NA
10702,2017,NA,NA,NA,NA,NA,NA
10703,2017,NA,NA,NA,NA,NA,NA
10704,2017,NA,NA,NA,NA,NA,NA
10801,2017,NA,NA,NA,NA,NA,NA
10802,2017,NA,NA,NA,NA,NA,NA
10803,2017,NA,NA,NA,NA,NA,NA
10804,2017,NA,NA,NA,NA,NA,NA
10805,2017,NA,NA,NA,NA,NA,NA
10901,2017,NA,NA,NA,NA,NA,NA
10902,2017,NA,NA,NA,NA,NA,NA
10903,2017,NA,NA,NA,NA,NA,NA
11001,2017,NA,NA,NA,NA,NA,NA
11002,2017,NA,NA,NA,NA,NA,NA
11003,2017,NA,NA,NA,NA,NA,NA
11004,2017,NA,NA,NA,NA,NA,NA
11101,2017,NA,NA,NA,NA,NA,NA
11102,2017,NA,NA,NA,NA,NA,NA
11103,2017,NA,NA,NA,NA,NA,NA
11201,2017,NA,NA,NA,NA,NA,NA
11202,2017,NA,NA,NA,NA,NA,NA
11203,2017,NA,NA,NA,NA,NA,NA
11301,2017,NA,NA,NA,NA,NA,NA
11302,2017,NA,NA,NA,NA,NA,NA
11303,2017,NA,NA,NA,NA,NA,NA
11401,2017,NA,NA,NA,NA,NA,NA
11402,2017,NA,NA,NA,NA,NA,NA
11501,2017,NA,NA,NA,NA,NA,NA
11502,2017,NA,NA,NA,NA,NA,NA
11503,2017,NA,NA,NA,NA,NA,NA
11504,2017,NA,NA,NA,NA,NA,NA
11601,2017,NA,NA,NA,NA,NA,NA
11602,2017,NA,NA,NA,NA,NA,NA
11603,2017,NA,NA,NA,NA,NA,NA
11701,2017,NA,NA,NA,NA,NA,NA
11702,2017,NA,NA,NA,NA,NA,NA
11703,2017,NA,NA,NA,NA,NA,NA
11801,2017,NA,NA,NA,NA,NA,NA
11802,2017,NA,NA,NA,NA,NA,NA
11901,2017,NA,NA,NA,NA,NA,NA
11902,2017,NA,NA,NA,NA,NA,NA
11903,2017,NA,NA,NA,NA,NA,NA
11904,2017,NA,NA,NA,NA,NA,NA
12001,2017,NA,NA,NA,NA,NA,NA
12002,2017,NA,NA,NA,NA,NA,NA
12003,2017,NA,NA,NA,NA,NA,NA
12101,2017,NA,NA,NA,NA,NA,NA
12102,2017,NA,NA,NA,NA,NA,NA
12103,2017,NA,NA,NA,NA,NA,NA
12104,2017,NA,NA,NA,NA,NA,NA
12201,2017,NA,NA,NA,NA,NA,NA
12202,2017,NA,NA,NA,NA,NA,NA
12203,2017,NA,NA,NA,NA,NA,NA
12301,2017,NA,NA,NA,NA,NA,NA
12302,2017,NA,NA,NA,NA,NA,NA
12303,2017,NA,NA,NA,NA,NA,NA
12401,2017,NA,NA,NA,NA,NA,NA
12402,2017,NA,NA,NA,NA,NA,NA
12403,2017,NA,NA,NA,NA,NA,NA
12404,2017,NA,NA,NA,NA,NA,NA
12405,2017,NA,NA,NA,NA,NA,NA
12501,2017,NA,NA,NA,NA,NA,NA
12502,2017,NA,NA,NA,NA,NA,NA
12503,2017,NA,NA,NA,NA,NA,NA
12504,2017,NA,NA,NA,NA,NA,NA
12601,2017,NA,NA,NA,NA,NA,NA
12602,2017,NA,NA,NA,NA,NA,NA
12701,2017,NA,NA,NA,NA,NA,NA
12702,2017,NA,NA,NA,NA,NA,NA
12703,2017,NA,NA,NA,NA,NA,NA
12801,2017,NA,NA,NA,NA,NA,NA
12802,2017,NA,NA,NA,NA,NA,NA
20101,2017,NA,NA,NA,NA,NA,NA
20102,2017,NA,NA,NA,NA,NA,NA
20103,2017,NA,NA,NA,NA,NA,NA
20201,2017,NA,NA,NA,NA,NA,NA
20202,2017,NA,NA,NA,NA,NA,NA
20203,2017,NA,NA,NA,NA,NA,NA
20301,2017,NA,NA,NA,NA,NA,NA
20302,2017,NA,NA,NA,NA,NA,NA
20303,2017,NA,NA,NA,NA,NA,NA
20401,2017,NA,NA,NA,NA,NA,NA
20402,2017,NA,NA,NA,NA,NA,NA
20403,2017,NA,NA,NA,NA,NA,NA
20501,2017,NA,NA,NA,NA,NA,NA
20502,2017,NA,NA,NA,NA,NA,NA
20503,2017,NA,NA,NA,NA,NA,NA
20504,2017,NA,NA,NA,NA,NA,NA
20505,2017,NA,NA,NA,NA,NA,NA
20601,2017,NA,NA,NA,NA,NA,NA
20602,2017,NA,NA,NA,NA,NA,NA
20603,2017,NA,NA,NA,NA,NA,NA
20604,2017,NA,NA,NA,NA,NA,NA
20605,2017,NA,NA,NA,NA,NA,NA
20606,2017,NA,NA,NA,NA,NA,NA
20607,2017,NA,NA,NA,NA,NA,NA
20701,2017,NA,NA,NA,NA,NA,NA
20702,2017,NA,NA,NA,NA,NA,NA
20703,2017,NA,NA,NA,NA,NA,NA
20801,2017,NA,NA,NA,NA,NA,NA
20802,2017,NA,NA,NA,NA,NA,NA
20803,2017,NA,NA,NA,NA,NA,NA
20804,2017,NA,NA,NA,NA,NA,NA
20901,2017,NA,NA,NA,NA,NA,NA
20902,2017,NA,NA,NA,NA,NA,NA
20903,2017,NA,NA,NA,NA,NA,NA
20904,2017,NA,NA,NA,NA,NA,NA
21001,2017,NA,NA,NA,NA,NA,NA
21002,2017,NA,NA,NA,NA,NA,NA
21003,2017,NA,NA,NA,NA,NA,NA
21004,2017,NA,NA,NA,NA,NA,NA
21005,2017,NA,NA,NA,NA,NA,NA
21101,2017,NA,NA,NA,NA,NA,NA
21102,2017,NA,NA,NA,NA,NA,NA
21103,2017,NA,NA,NA,NA,NA,NA
21104,2017,NA,NA,NA,NA,NA,NA
21105,2017,NA,NA,NA,NA,NA,NA
21201,2017,NA,NA,NA,NA,NA,NA
21202,2017,NA,NA,NA,NA,NA,NA
21203,2017,NA,NA,NA,NA,NA,NA
21204,2017,NA,NA,NA,NA,NA,NA
21205,2017,NA,NA,NA,NA,NA,NA
21301,2017,NA,NA,NA,NA,NA,NA
21302,2017,NA,NA,NA,NA,NA,NA
21303,2017,NA,NA,NA,NA,NA,NA
21304,2017,NA,NA,NA,NA,NA,NA
21305,2017,NA,NA,NA,NA,NA,NA
21401,2017,NA,NA,NA,NA,NA,NA
21402,2017,NA,NA,NA,NA,NA,NA
21501,2017,NA,NA,NA,NA,NA,NA
21502,2017,NA,NA,NA,NA,NA,NA
21503,2017,NA,NA,NA,NA,NA,NA
21601,2017,NA,NA,NA,NA,NA,NA
21602,2017,NA,NA,NA,NA,NA,NA
21603,2017,NA,NA,NA,NA,NA,NA
21701,2017,NA,NA,NA,NA,NA,NA
21703,2017,NA,NA,NA,NA,NA,NA
21704,2017,NA,NA,NA,NA,NA,NA
30101,2017,NA,NA,NA,NA,NA,NA
30102,2017,NA,NA,NA,NA,NA,NA
30103,2017,NA,NA,NA,NA,NA,NA
30201,2017,NA,NA,NA,NA,NA,NA
30202,2017,NA,NA,NA,NA,NA,NA
30203,2017,NA,NA,NA,NA,NA,NA
30204,2017,NA,NA,NA,NA,NA,NA
30301,2017,NA,NA,NA,NA,NA,NA
30302,2017,NA,NA,NA,NA,NA,NA
30303,2017,NA,NA,NA,NA,NA,NA
30304,2017,NA,NA,NA,NA,NA,NA
30305,2017,NA,NA,NA,NA,NA,NA
30306,2017,NA,NA,NA,NA,NA,NA
30401,2017,NA,NA,NA,NA,NA,NA
30402,2017,NA,NA,NA,NA,NA,NA
30403,2017,NA,NA,NA,NA,NA,NA
30404,2017,NA,NA,NA,NA,NA,NA
30501,2017,NA,NA,NA,NA,NA,NA
30502,2017,NA,NA,NA,NA,NA,NA
30503,2017,NA,NA,NA,NA,NA,NA
30504,2017,NA,NA,NA,NA,NA,NA
30601,2017,NA,NA,NA,NA,NA,NA
30602,2017,NA,NA,NA,NA,NA,NA
30603,2017,NA,NA,NA,NA,NA,NA
30604,2017,NA,NA,NA,NA,NA,NA
30605,2017,NA,NA,NA,NA,NA,NA
30701,2017,NA,NA,NA,NA,NA,NA
30702,2017,NA,NA,NA,NA,NA,NA
30703,2017,NA,NA,NA,NA,NA,NA
30801,2017,NA,NA,NA,NA,NA,NA
30803,2017,NA,NA,NA,NA,NA,NA
30804,2017,NA,NA,NA,NA,NA,NA
30805,2017,NA,NA,NA,NA,NA,NA
30901,2017,NA,NA,NA,NA,NA,NA
30902,2017,NA,NA,NA,NA,NA,NA
30903,2017,NA,NA,NA,NA,NA,NA
30904,2017,NA,NA,NA,NA,NA,NA
30905,2017,NA,NA,NA,NA,NA,NA
30906,2017,NA,NA,NA,NA,NA,NA
30907,2017,NA,NA,NA,NA,NA,NA
30908,2017,NA,NA,NA,NA,NA,NA
30909,2017,NA,NA,NA,NA,NA,NA
30910,2017,NA,NA,NA,NA,NA,NA
31001,2017,NA,NA,NA,NA,NA,NA
31002,2017,NA,NA,NA,NA,NA,NA
31003,2017,NA,NA,NA,NA,NA,NA
31004,2017,NA,NA,NA,NA,NA,NA
31101,2017,NA,NA,NA,NA,NA,NA
31102,2017,NA,NA,NA,NA,NA,NA
31103,2017,NA,NA,NA,NA,NA,NA
31104,2017,NA,NA,NA,NA,NA,NA
31105,2017,NA,NA,NA,NA,NA,NA
31106,2017,NA,NA,NA,NA,NA,NA
31201,2017,NA,NA,NA,NA,NA,NA
31202,2017,NA,NA,NA,NA,NA,NA
31203,2017,NA,NA,NA,NA,NA,NA
31301,2017,NA,NA,NA,NA,NA,NA
31302,2017,NA,NA,NA,NA,NA,NA
31303,2017,NA,NA,NA,NA,NA,NA
31304,2017,NA,NA,NA,NA,NA,NA
31305,2017,NA,NA,NA,NA,NA,NA
31401,2017,NA,NA,NA,NA,NA,NA
31402,2017,NA,NA,NA,NA,NA,NA
31403,2017,NA,NA,NA,NA,NA,NA
31501,2017,NA,NA,NA,NA,NA,NA
31502,2017,NA,NA,NA,NA,NA,NA
31503,2017,NA,NA,NA,NA,NA,NA
31601,2017,NA,NA,NA,NA,NA,NA
31602,2017,NA,NA,NA,NA,NA,NA
31603,2017,NA,NA,NA,NA,NA,NA
31605,2017,NA,NA,NA,NA,NA,NA
31606,2017,NA,NA,NA,NA,NA,NA
31607,2017,NA,NA,NA,NA,NA,NA
31608,2017,NA,NA,NA,NA,NA,NA
31701,2017,NA,NA,NA,NA,NA,NA
31801,2017,NA,NA,NA,NA,NA,NA
31802,2017,NA,NA,NA,NA,NA,NA
31901,2017,NA,NA,NA,NA,NA,NA
31902,2017,NA,NA,NA,NA,NA,NA
31903,2017,NA,NA,NA,NA,NA,NA
31904,2017,NA,NA,NA,NA,NA,NA
31905,2017,NA,NA,NA,NA,NA,NA
40101,2017,NA,NA,NA,NA,NA,NA
40102,2017,NA,NA,NA,NA,NA,NA
40103,2017,NA,NA,NA,NA,NA,NA
40104,2017,NA,NA,NA,NA,NA,NA
40105,2017,NA,NA,NA,NA,NA,NA
40106,2017,NA,NA,NA,NA,NA,NA
40107,2017,NA,NA,NA,NA,NA,NA
40201,2017,NA,NA,NA,NA,NA,NA
40202,2017,NA,NA,NA,NA,NA,NA
40203,2017,NA,NA,NA,NA,NA,NA
40204,2017,NA,NA,NA,NA,NA,NA
40205,2017,NA,NA,NA,NA,NA,NA
40301,2017,NA,NA,NA,NA,NA,NA
40302,2017,NA,NA,NA,NA,NA,NA
40303,2017,NA,NA,NA,NA,NA,NA
40304,2017,NA,NA,NA,NA,NA,NA
40401,2017,NA,NA,NA,NA,NA,NA
40402,2017,NA,NA,NA,NA,NA,NA
40403,2017,NA,NA,NA,NA,NA,NA
40501,2017,NA,NA,NA,NA,NA,NA
40502,2017,NA,NA,NA,NA,NA,NA
40503,2017,NA,NA,NA,NA,NA,NA
40504,2017,NA,NA,NA,NA,NA,NA
40601,2017,NA,NA,NA,NA,NA,NA
40602,2017,NA,NA,NA,NA,NA,NA
40701,2017,NA,NA,NA,NA,NA,NA
40702,2017,NA,NA,NA,NA,NA,NA
40703,2017,NA,NA,NA,NA,NA,NA
50101,2017,NA,NA,NA,NA,NA,NA
50102,2017,NA,NA,NA,NA,NA,NA
50103,2017,NA,NA,NA,NA,NA,NA
50201,2017,NA,NA,NA,NA,NA,NA
50301,2017,NA,NA,NA,NA,NA,NA
50302,2017,NA,NA,NA,NA,NA,NA
50401,2017,NA,NA,NA,NA,NA,NA
50402,2017,NA,NA,NA,NA,NA,NA
50403,2017,NA,NA,NA,NA,NA,NA
50501,2017,NA,NA,NA,NA,NA,NA
50502,2017,NA,NA,NA,NA,NA,NA
50503,2017,NA,NA,NA,NA,NA,NA
50601,2017,NA,NA,NA,NA,NA,NA
50602,2017,NA,NA,NA,NA,NA,NA
50603,2017,NA,NA,NA,NA,NA,NA
50604,2017,NA,NA,NA,NA,NA,NA
50605,2017,NA,NA,NA,NA,NA,NA
50606,2017,NA,NA,NA,NA,NA,NA
50607,2017,NA,NA,NA,NA,NA,NA
50701,2017,NA,NA,NA,NA,NA,NA
50702,2017,NA,NA,NA,NA,NA,NA
50703,2017,NA,NA,NA,NA,NA,NA
50704,2017,NA,NA,NA,NA,NA,NA
50705,2017,NA,NA,NA,NA,NA,NA
50901,2017,NA,NA,NA,NA,NA,NA
50902,2017,NA,NA,NA,NA,NA,NA
50903,2017,NA,NA,NA,NA,NA,NA
51001,2017,NA,NA,NA,NA,NA,NA
51002,2017,NA,NA,NA,NA,NA,NA
51003,2017,NA,NA,NA,NA,NA,NA
51101,2017,NA,NA,NA,NA,NA,NA
51102,2017,NA,NA,NA,NA,NA,NA
51103,2017,NA,NA,NA,NA,NA,NA
51104,2017,NA,NA,NA,NA,NA,NA
60101,2017,NA,NA,NA,NA,NA,NA
60102,2017,NA,NA,NA,NA,NA,NA
60103,2017,NA,NA,NA,NA,NA,NA
60104,2017,NA,NA,NA,NA,NA,NA
60105,2017,NA,NA,NA,NA,NA,NA
60106,2017,NA,NA,NA,NA,NA,NA
60201,2017,NA,NA,NA,NA,NA,NA
60202,2017,NA,NA,NA,NA,NA,NA
60203,2017,NA,NA,NA,NA,NA,NA
60301,2017,NA,NA,NA,NA,NA,NA
60302,2017,NA,NA,NA,NA,NA,NA
60303,2017,NA,NA,NA,NA,NA,NA
60401,2017,NA,NA,NA,NA,NA,NA
60402,2017,NA,NA,NA,NA,NA,NA
60403,2017,NA,NA,NA,NA,NA,NA
70101,2017,NA,NA,NA,NA,NA,NA
70102,2017,NA,NA,NA,NA,NA,NA
70103,2017,NA,NA,NA,NA,NA,NA
70104,2017,NA,NA,NA,NA,NA,NA
70201,2017,NA,NA,NA,NA,NA,NA
70202,2017,NA,NA,NA,NA,NA,NA
70203,2017,NA,NA,NA,NA,NA,NA
70204,2017,NA,NA,NA,NA,NA,NA
70205,2017,NA,NA,NA,NA,NA,NA
80101,2017,NA,NA,NA,NA,NA,NA
80103,2017,NA,NA,NA,NA,NA,NA
80104,2017,NA,NA,NA,NA,NA,NA
80105,2017,NA,NA,NA,NA,NA,NA
80106,2017,NA,NA,NA,NA,NA,NA
80107,2017,NA,NA,NA,NA,NA,NA
80108,2017,NA,NA,NA,NA,NA,NA
80109,2017,NA,NA,NA,NA,NA,NA
80110,2017,NA,NA,NA,NA,NA,NA
80111,2017,NA,NA,NA,NA,NA,NA
10102,2018,NA,NA,NA,NA,NA,NA
10103,2018,NA,NA,NA,NA,NA,NA
10104,2018,NA,NA,NA,NA,NA,NA
10105,2018,NA,NA,NA,NA,NA,NA
10106,2018,NA,NA,NA,NA,NA,NA
10201,2018,NA,NA,NA,NA,NA,NA
10202,2018,NA,NA,NA,NA,NA,NA
10301,2018,NA,NA,NA,NA,NA,NA
10302,2018,NA,NA,NA,NA,NA,NA
10303,2018,NA,NA,NA,NA,NA,NA
10304,2018,NA,NA,NA,NA,NA,NA
10401,2018,NA,NA,NA,NA,NA,NA
10402,2018,NA,NA,NA,NA,NA,NA
10501,2018,NA,NA,NA,NA,NA,NA
10502,2018,NA,NA,NA,NA,NA,NA
10503,2018,NA,NA,NA,NA,NA,NA
10601,2018,NA,NA,NA,NA,NA,NA
10602,2018,NA,NA,NA,NA,NA,NA
10603,2018,NA,NA,NA,NA,NA,NA
10604,2018,NA,NA,NA,NA,NA,NA
10701,2018,NA,NA,NA,NA,NA,NA
10702,2018,NA,NA,NA,NA,NA,NA
10703,2018,NA,NA,NA,NA,NA,NA
10704,2018,NA,NA,NA,NA,NA,NA
10801,2018,NA,NA,NA,NA,NA,NA
10802,2018,NA,NA,NA,NA,NA,NA
10803,2018,NA,NA,NA,NA,NA,NA
10804,2018,NA,NA,NA,NA,NA,NA
10805,2018,NA,NA,NA,NA,NA,NA
10901,2018,NA,NA,NA,NA,NA,NA
10902,2018,NA,NA,NA,NA,NA,NA
10903,2018,NA,NA,NA,NA,NA,NA
11001,2018,NA,NA,NA,NA,NA,NA
11002,2018,NA,NA,NA,NA,NA,NA
11003,2018,NA,NA,NA,NA,NA,NA
11004,2018,NA,NA,NA,NA,NA,NA
11101,2018,NA,NA,NA,NA,NA,NA
11102,2018,NA,NA,NA,NA,NA,NA
11103,2018,NA,NA,NA,NA,NA,NA
11201,2018,NA,NA,NA,NA,NA,NA
11202,2018,NA,NA,NA,NA,NA,NA
11203,2018,NA,NA,NA,NA,NA,NA
11301,2018,NA,NA,NA,NA,NA,NA
11302,2018,NA,NA,NA,NA,NA,NA
11303,2018,NA,NA,NA,NA,NA,NA
11401,2018,NA,NA,NA,NA,NA,NA
11402,2018,NA,NA,NA,NA,NA,NA
11501,2018,NA,NA,NA,NA,NA,NA
11502,2018,NA,NA,NA,NA,NA,NA
11503,2018,NA,NA,NA,NA,NA,NA
11504,2018,NA,NA,NA,NA,NA,NA
11601,2018,NA,NA,NA,NA,NA,NA
11602,2018,NA,NA,NA,NA,NA,NA
11603,2018,NA,NA,NA,NA,NA,NA
11701,2018,NA,NA,NA,NA,NA,NA
11702,2018,NA,NA,NA,NA,NA,NA
11703,2018,NA,NA,NA,NA,NA,NA
11801,2018,NA,NA,NA,NA,NA,NA
11802,2018,NA,NA,NA,NA,NA,NA
11901,2018,NA,NA,NA,NA,NA,NA
11902,2018,NA,NA,NA,NA,NA,NA
11903,2018,NA,NA,NA,NA,NA,NA
11904,2018,NA,NA,NA,NA,NA,NA
12001,2018,NA,NA,NA,NA,NA,NA
12002,2018,NA,NA,NA,NA,NA,NA
12003,2018,NA,NA,NA,NA,NA,NA
12101,2018,NA,NA,NA,NA,NA,NA
12102,2018,NA,NA,NA,NA,NA,NA
12103,2018,NA,NA,NA,NA,NA,NA
12104,2018,NA,NA,NA,NA,NA,NA
12201,2018,NA,NA,NA,NA,NA,NA
12202,2018,NA,NA,NA,NA,NA,NA
12203,2018,NA,NA,NA,NA,NA,NA
12301,2018,NA,NA,NA,NA,NA,NA
12302,2018,NA,NA,NA,NA,NA,NA
12303,2018,NA,NA,NA,NA,NA,NA
12401,2018,NA,NA,NA,NA,NA,NA
12402,2018,NA,NA,NA,NA,NA,NA
12403,2018,NA,NA,NA,NA,NA,NA
12404,2018,NA,NA,NA,NA,NA,NA
12405,2018,NA,NA,NA,NA,NA,NA
12501,2018,NA,NA,NA,NA,NA,NA
12502,2018,NA,NA,NA,NA,NA,NA
12503,2018,NA,NA,NA,NA,NA,NA
12504,2018,NA,NA,NA,NA,NA,NA
12601,2018,NA,NA,NA,NA,NA,NA
12602,2018,NA,NA,NA,NA,NA,NA
12701,2018,NA,NA,NA,NA,NA,NA
12702,2018,NA,NA,NA,NA,NA,NA
12703,2018,NA,NA,NA,NA,NA,NA
12801,2018,NA,NA,NA,NA,NA,NA
12802,2018,NA,NA,NA,NA,NA,NA
20101,2018,NA,NA,NA,NA,NA,NA
20102,2018,NA,NA,NA,NA,NA,NA
20103,2018,NA,NA,NA,NA,NA,NA
20201,2018,NA,NA,NA,NA,NA,NA
20202,2018,NA,NA,NA,NA,NA,NA
20203,2018,NA,NA,NA,NA,NA,NA
20301,2018,NA,NA,NA,NA,NA,NA
20302,2018,NA,NA,NA,NA,NA,NA
20303,2018,NA,NA,NA,NA,NA,NA
20401,2018,NA,NA,NA,NA,NA,NA
20402,2018,NA,NA,NA,NA,NA,NA
20403,2018,NA,NA,NA,NA,NA,NA
20501,2018,NA,NA,NA,NA,NA,NA
20502,2018,NA,NA,NA,NA,NA,NA
20503,2018,NA,NA,NA,NA,NA,NA
20504,2018,NA,NA,NA,NA,NA,NA
20505,2018,NA,NA,NA,NA,NA,NA
20601,2018,NA,NA,NA,NA,NA,NA
20602,2018,NA,NA,NA,NA,NA,NA
20603,2018,NA,NA,NA,NA,NA,NA
20604,2018,NA,NA,NA,NA,NA,NA
20605,2018,NA,NA,NA,NA,NA,NA
20606,2018,NA,NA,NA,NA,NA,NA
20607,2018,NA,NA,NA,NA,NA,NA
20701,2018,NA,NA,NA,NA,NA,NA
20702,2018,NA,NA,NA,NA,NA,NA
20703,2018,NA,NA,NA,NA,NA,NA
20801,2018,NA,NA,NA,NA,NA,NA
20802,2018,NA,NA,NA,NA,NA,NA
20803,2018,NA,NA,NA,NA,NA,NA
20804,2018,NA,NA,NA,NA,NA,NA
20901,2018,NA,NA,NA,NA,NA,NA
20902,2018,NA,NA,NA,NA,NA,NA
20903,2018,NA,NA,NA,NA,NA,NA
20904,2018,NA,NA,NA,NA,NA,NA
21001,2018,NA,NA,NA,NA,NA,NA
21002,2018,NA,NA,NA,NA,NA,NA
21003,2018,NA,NA,NA,NA,NA,NA
21004,2018,NA,NA,NA,NA,NA,NA
21005,2018,NA,NA,NA,NA,NA,NA
21101,2018,NA,NA,NA,NA,NA,NA
21102,2018,NA,NA,NA,NA,NA,NA
21103,2018,NA,NA,NA,NA,NA,NA
21104,2018,NA,NA,NA,NA,NA,NA
21105,2018,NA,NA,NA,NA,NA,NA
21201,2018,NA,NA,NA,NA,NA,NA
21202,2018,NA,NA,NA,NA,NA,NA
21203,2018,NA,NA,NA,NA,NA,NA
21204,2018,NA,NA,NA,NA,NA,NA
21205,2018,NA,NA,NA,NA,NA,NA
21301,2018,NA,NA,NA,NA,NA,NA
21302,2018,NA,NA,NA,NA,NA,NA
21303,2018,NA,NA,NA,NA,NA,NA
21304,2018,NA,NA,NA,NA,NA,NA
21305,2018,NA,NA,NA,NA,NA,NA
21401,2018,NA,NA,NA,NA,NA,NA
21402,2018,NA,NA,NA,NA,NA,NA
21501,2018,NA,NA,NA,NA,NA,NA
21502,2018,NA,NA,NA,NA,NA,NA
21503,2018,NA,NA,NA,NA,NA,NA
21601,2018,NA,NA,NA,NA,NA,NA
21602,2018,NA,NA,NA,NA,NA,NA
21603,2018,NA,NA,NA,NA,NA,NA
21701,2018,NA,NA,NA,NA,NA,NA
21703,2018,NA,NA,NA,NA,NA,NA
21704,2018,NA,NA,NA,NA,NA,NA
30101,2018,NA,NA,NA,NA,NA,NA
30102,2018,NA,NA,NA,NA,NA,NA
30103,2018,NA,NA,NA,NA,NA,NA
30201,2018,NA,NA,NA,NA,NA,NA
30202,2018,NA,NA,NA,NA,NA,NA
30203,2018,NA,NA,NA,NA,NA,NA
30204,2018,NA,NA,NA,NA,NA,NA
30301,2018,NA,NA,NA,NA,NA,NA
30302,2018,NA,NA,NA,NA,NA,NA
30303,2018,NA,NA,NA,NA,NA,NA
30304,2018,NA,NA,NA,NA,NA,NA
30305,2018,NA,NA,NA,NA,NA,NA
30306,2018,NA,NA,NA,NA,NA,NA
30401,2018,NA,NA,NA,NA,NA,NA
30402,2018,NA,NA,NA,NA,NA,NA
30403,2018,NA,NA,NA,NA,NA,NA
30404,2018,NA,NA,NA,NA,NA,NA
30501,2018,NA,NA,NA,NA,NA,NA
30502,2018,NA,NA,NA,NA,NA,NA
30503,2018,NA,NA,NA,NA,NA,NA
30504,2018,NA,NA,NA,NA,NA,NA
30601,2018,NA,NA,NA,NA,NA,NA
30602,2018,NA,NA,NA,NA,NA,NA
30603,2018,NA,NA,NA,NA,NA,NA
30604,2018,NA,NA,NA,NA,NA,NA
30605,2018,NA,NA,NA,NA,NA,NA
30701,2018,NA,NA,NA,NA,NA,NA
30702,2018,NA,NA,NA,NA,NA,NA
30703,2018,NA,NA,NA,NA,NA,NA
30801,2018,NA,NA,NA,NA,NA,NA
30803,2018,NA,NA,NA,NA,NA,NA
30804,2018,NA,NA,NA,NA,NA,NA
30805,2018,NA,NA,NA,NA,NA,NA
30901,2018,NA,NA,NA,NA,NA,NA
30902,2018,NA,NA,NA,NA,NA,NA
30903,2018,NA,NA,NA,NA,NA,NA
30904,2018,NA,NA,NA,NA,NA,NA
30905,2018,NA,NA,NA,NA,NA,NA
30906,2018,NA,NA,NA,NA,NA,NA
30907,2018,NA,NA,NA,NA,NA,NA
30908,2018,NA,NA,NA,NA,NA,NA
30909,2018,NA,NA,NA,NA,NA,NA
30910,2018,NA,NA,NA,NA,NA,NA
31001,2018,NA,NA,NA,NA,NA,NA
31002,2018,NA,NA,NA,NA,NA,NA
31003,2018,NA,NA,NA,NA,NA,NA
31004,2018,NA,NA,NA,NA,NA,NA
31101,2018,NA,NA,NA,NA,NA,NA
31102,2018,NA,NA,NA,NA,NA,NA
31103,2018,NA,NA,NA,NA,NA,NA
31104,2018,NA,NA,NA,NA,NA,NA
31105,2018,NA,NA,NA,NA,NA,NA
31106,2018,NA,NA,NA,NA,NA,NA
31201,2018,NA,NA,NA,NA,NA,NA
31202,2018,NA,NA,NA,NA,NA,NA
31203,2018,NA,NA,NA,NA,NA,NA
31301,2018,NA,NA,NA,NA,NA,NA
31302,2018,NA,NA,NA,NA,NA,NA
31303,2018,NA,NA,NA,NA,NA,NA
31304,2018,NA,NA,NA,NA,NA,NA
31305,2018,NA,NA,NA,NA,NA,NA
31401,2018,NA,NA,NA,NA,NA,NA
31402,2018,NA,NA,NA,NA,NA,NA
31403,2018,NA,NA,NA,NA,NA,NA
31501,2018,NA,NA,NA,NA,NA,NA
31502,2018,NA,NA,NA,NA,NA,NA
31503,2018,NA,NA,NA,NA,NA,NA
31601,2018,NA,NA,NA,NA,NA,NA
31602,2018,NA,NA,NA,NA,NA,NA
31603,2018,NA,NA,NA,NA,NA,NA
31605,2018,NA,NA,NA,NA,NA,NA
31606,2018,NA,NA,NA,NA,NA,NA
31607,2018,NA,NA,NA,NA,NA,NA
31608,2018,NA,NA,NA,NA,NA,NA
31701,2018,NA,NA,NA,NA,NA,NA
31801,2018,NA,NA,NA,NA,NA,NA
31802,2018,NA,NA,NA,NA,NA,NA
31901,2018,NA,NA,NA,NA,NA,NA
31902,2018,NA,NA,NA,NA,NA,NA
31903,2018,NA,NA,NA,NA,NA,NA
31904,2018,NA,NA,NA,NA,NA,NA
31905,2018,NA,NA,NA,NA,NA,NA
40101,2018,NA,NA,NA,NA,NA,NA
40102,2018,NA,NA,NA,NA,NA,NA
40103,2018,NA,NA,NA,NA,NA,NA
40104,2018,NA,NA,NA,NA,NA,NA
40105,2018,NA,NA,NA,NA,NA,NA
40106,2018,NA,NA,NA,NA,NA,NA
40107,2018,NA,NA,NA,NA,NA,NA
40201,2018,NA,NA,NA,NA,NA,NA
40202,2018,NA,NA,NA,NA,NA,NA
40203,2018,NA,NA,NA,NA,NA,NA
40204,2018,NA,NA,NA,NA,NA,NA
40205,2018,NA,NA,NA,NA,NA,NA
40301,2018,NA,NA,NA,NA,NA,NA
40302,2018,NA,NA,NA,NA,NA,NA
40303,2018,NA,NA,NA,NA,NA,NA
40304,2018,NA,NA,NA,NA,NA,NA
40401,2018,NA,NA,NA,NA,NA,NA
40402,2018,NA,NA,NA,NA,NA,NA
40403,2018,NA,NA,NA,NA,NA,NA
40501,2018,NA,NA,NA,NA,NA,NA
40502,2018,NA,NA,NA,NA,NA,NA
40503,2018,NA,NA,NA,NA,NA,NA
40504,2018,NA,NA,NA,NA,NA,NA
40601,2018,NA,NA,NA,NA,NA,NA
40602,2018,NA,NA,NA,NA,NA,NA
40701,2018,NA,NA,NA,NA,NA,NA
40702,2018,NA,NA,NA,NA,NA,NA
40703,2018,NA,NA,NA,NA,NA,NA
50101,2018,NA,NA,NA,NA,NA,NA
50102,2018,NA,NA,NA,NA,NA,NA
50103,2018,NA,NA,NA,NA,NA,NA
50201,2018,NA,NA,NA,NA,NA,NA
50301,2018,NA,NA,NA,NA,NA,NA
50302,2018,NA,NA,NA,NA,NA,NA
50401,2018,NA,NA,NA,NA,NA,NA
50402,2018,NA,NA,NA,NA,NA,NA
50403,2018,NA,NA,NA,NA,NA,NA
50501,2018,NA,NA,NA,NA,NA,NA
50502,2018,NA,NA,NA,NA,NA,NA
50503,2018,NA,NA,NA,NA,NA,NA
50601,2018,NA,NA,NA,NA,NA,NA
50602,2018,NA,NA,NA,NA,NA,NA
50603,2018,NA,NA,NA,NA,NA,NA
50604,2018,NA,NA,NA,NA,NA,NA
50605,2018,NA,NA,NA,NA,NA,NA
50606,2018,NA,NA,NA,NA,NA,NA
50607,2018,NA,NA,NA,NA,NA,NA
50701,2018,NA,NA,NA,NA,NA,NA
50702,2018,NA,NA,NA,NA,NA,NA
50703,2018,NA,NA,NA,NA,NA,NA
50704,2018,NA,NA,NA,NA,NA,NA
50705,2018,NA,NA,NA,NA,NA,NA
50901,2018,NA,NA,NA,NA,NA,NA
50902,2018,NA,NA,NA,NA,NA,NA
50903,2018,NA,NA,NA,NA,NA,NA
51001,2018,NA,NA,NA,NA,NA,NA
51002,2018,NA,NA,NA,NA,NA,NA
51003,2018,NA,NA,NA,NA,NA,NA
51101,2018,NA,NA,NA,NA,NA,NA
51102,2018,NA,NA,NA,NA,NA,NA
51103,2018,NA,NA,NA,NA,NA,NA
51104,2018,NA,NA,NA,NA,NA,NA
60101,2018,NA,NA,NA,NA,NA,NA
60102,2018,NA,NA,NA,NA,NA,NA
60103,2018,NA,NA,NA,NA,NA,NA
60104,2018,NA,NA,NA,NA,NA,NA
60105,2018,NA,NA,NA,NA,NA,NA
60106,2018,NA,NA,NA,NA,NA,NA
60201,2018,NA,NA,NA,NA,NA,NA
60202,2018,NA,NA,NA,NA,NA,NA
60203,2018,NA,NA,NA,NA,NA,NA
60301,2018,NA,NA,NA,NA,NA,NA
60302,2018,NA,NA,NA,NA,NA,NA
60303,2018,NA,NA,NA,NA,NA,NA
60401,2018,NA,NA,NA,NA,NA,NA
60402,2018,NA,NA,NA,NA,NA,NA
60403,2018,NA,NA,NA,NA,NA,NA
70101,2018,NA,NA,NA,NA,NA,NA
70102,2018,NA,NA,NA,NA,NA,NA
70103,2018,NA,NA,NA,NA,NA,NA
70104,2018,NA,NA,NA,NA,NA,NA
70201,2018,NA,NA,NA,NA,NA,NA
70202,2018,NA,NA,NA,NA,NA,NA
70203,2018,NA,NA,NA,NA,NA,NA
70204,2018,NA,NA,NA,NA,NA,NA
70205,2018,NA,NA,NA,NA,NA,NA
80101,2018,NA,NA,NA,NA,NA,NA
80103,2018,NA,NA,NA,NA,NA,NA
80104,2018,NA,NA,NA,NA,NA,NA
80105,2018,NA,NA,NA,NA,NA,NA
80106,2018,NA,NA,NA,NA,NA,NA
80107,2018,NA,NA,NA,NA,NA,NA
80108,2018,NA,NA,NA,NA,NA,NA
80109,2018,NA,NA,NA,NA,NA,NA
80110,2018,NA,NA,NA,NA,NA,NA
80111,2018,NA,NA,NA,NA,NA,NA
10102,2019,NA,NA,NA,NA,NA,NA
10103,2019,NA,NA,NA,NA,NA,NA
10104,2019,NA,NA,NA,NA,NA,NA
10105,2019,NA,NA,NA,NA,NA,NA
10106,2019,NA,NA,NA,NA,NA,NA
10201,2019,NA,NA,NA,NA,NA,NA
10202,2019,NA,NA,NA,NA,NA,NA
10301,2019,NA,NA,NA,NA,NA,NA
10302,2019,NA,NA,NA,NA,NA,NA
10303,2019,NA,NA,NA,NA,NA,NA
10304,2019,NA,NA,NA,NA,NA,NA
10401,2019,NA,NA,NA,NA,NA,NA
10402,2019,NA,NA,NA,NA,NA,NA
10501,2019,NA,NA,NA,NA,NA,NA
10502,2019,NA,NA,NA,NA,NA,NA
10503,2019,NA,NA,NA,NA,NA,NA
10601,2019,NA,NA,NA,NA,NA,NA
10602,2019,NA,NA,NA,NA,NA,NA
10603,2019,NA,NA,NA,NA,NA,NA
10604,2019,NA,NA,NA,NA,NA,NA
10701,2019,NA,NA,NA,NA,NA,NA
10702,2019,NA,NA,NA,NA,NA,NA
10703,2019,NA,NA,NA,NA,NA,NA
10704,2019,NA,NA,NA,NA,NA,NA
10801,2019,NA,NA,NA,NA,NA,NA
10802,2019,NA,NA,NA,NA,NA,NA
10803,2019,NA,NA,NA,NA,NA,NA
10804,2019,NA,NA,NA,NA,NA,NA
10805,2019,NA,NA,NA,NA,NA,NA
10901,2019,NA,NA,NA,NA,NA,NA
10902,2019,NA,NA,NA,NA,NA,NA
10903,2019,NA,NA,NA,NA,NA,NA
11001,2019,NA,NA,NA,NA,NA,NA
11002,2019,NA,NA,NA,NA,NA,NA
11003,2019,NA,NA,NA,NA,NA,NA
11004,2019,NA,NA,NA,NA,NA,NA
11101,2019,NA,NA,NA,NA,NA,NA
11102,2019,NA,NA,NA,NA,NA,NA
11103,2019,NA,NA,NA,NA,NA,NA
11201,2019,NA,NA,NA,NA,NA,NA
11202,2019,NA,NA,NA,NA,NA,NA
11203,2019,NA,NA,NA,NA,NA,NA
11301,2019,NA,NA,NA,NA,NA,NA
11302,2019,NA,NA,NA,NA,NA,NA
11303,2019,NA,NA,NA,NA,NA,NA
11401,2019,NA,NA,NA,NA,NA,NA
11402,2019,NA,NA,NA,NA,NA,NA
11501,2019,NA,NA,NA,NA,NA,NA
11502,2019,NA,NA,NA,NA,NA,NA
11503,2019,NA,NA,NA,NA,NA,NA
11504,2019,NA,NA,NA,NA,NA,NA
11601,2019,NA,NA,NA,NA,NA,NA
11602,2019,NA,NA,NA,NA,NA,NA
11603,2019,NA,NA,NA,NA,NA,NA
11701,2019,NA,NA,NA,NA,NA,NA
11702,2019,NA,NA,NA,NA,NA,NA
11703,2019,NA,NA,NA,NA,NA,NA
11801,2019,NA,NA,NA,NA,NA,NA
11802,2019,NA,NA,NA,NA,NA,NA
11901,2019,NA,NA,NA,NA,NA,NA
11902,2019,NA,NA,NA,NA,NA,NA
11903,2019,NA,NA,NA,NA,NA,NA
11904,2019,NA,NA,NA,NA,NA,NA
12001,2019,NA,NA,NA,NA,NA,NA
12002,2019,NA,NA,NA,NA,NA,NA
12003,2019,NA,NA,NA,NA,NA,NA
12101,2019,NA,NA,NA,NA,NA,NA
12102,2019,NA,NA,NA,NA,NA,NA
12103,2019,NA,NA,NA,NA,NA,NA
12104,2019,NA,NA,NA,NA,NA,NA
12201,2019,NA,NA,NA,NA,NA,NA
12202,2019,NA,NA,NA,NA,NA,NA
12203,2019,NA,NA,NA,NA,NA,NA
12301,2019,NA,NA,NA,NA,NA,NA
12302,2019,NA,NA,NA,NA,NA,NA
12303,2019,NA,NA,NA,NA,NA,NA
12401,2019,NA,NA,NA,NA,NA,NA
12402,2019,NA,NA,NA,NA,NA,NA
12403,2019,NA,NA,NA,NA,NA,NA
12404,2019,NA,NA,NA,NA,NA,NA
12405,2019,NA,NA,NA,NA,NA,NA
12501,2019,NA,NA,NA,NA,NA,NA
12502,2019,NA,NA,NA,NA,NA,NA
12503,2019,NA,NA,NA,NA,NA,NA
12504,2019,NA,NA,NA,NA,NA,NA
12601,2019,NA,NA,NA,NA,NA,NA
12602,2019,NA,NA,NA,NA,NA,NA
12701,2019,NA,NA,NA,NA,NA,NA
12702,2019,NA,NA,NA,NA,NA,NA
12703,2019,NA,NA,NA,NA,NA,NA
12801,2019,NA,NA,NA,NA,NA,NA
12802,2019,NA,NA,NA,NA,NA,NA
20101,2019,NA,NA,NA,NA,NA,NA
20102,2019,NA,NA,NA,NA,NA,NA
20103,2019,NA,NA,NA,NA,NA,NA
20201,2019,NA,NA,NA,NA,NA,NA
20202,2019,NA,NA,NA,NA,NA,NA
20203,2019,NA,NA,NA,NA,NA,NA
20301,2019,NA,NA,NA,NA,NA,NA
20302,2019,NA,NA,NA,NA,NA,NA
20303,2019,NA,NA,NA,NA,NA,NA
20401,2019,NA,NA,NA,NA,NA,NA
20402,2019,NA,NA,NA,NA,NA,NA
20403,2019,NA,NA,NA,NA,NA,NA
20501,2019,NA,NA,NA,NA,NA,NA
20502,2019,NA,NA,NA,NA,NA,NA
20503,2019,NA,NA,NA,NA,NA,NA
20504,2019,NA,NA,NA,NA,NA,NA
20505,2019,NA,NA,NA,NA,NA,NA
20601,2019,NA,NA,NA,NA,NA,NA
20602,2019,NA,NA,NA,NA,NA,NA
20603,2019,NA,NA,NA,NA,NA,NA
20604,2019,NA,NA,NA,NA,NA,NA
20605,2019,NA,NA,NA,NA,NA,NA
20606,2019,NA,NA,NA,NA,NA,NA
20607,2019,NA,NA,NA,NA,NA,NA
20701,2019,NA,NA,NA,NA,NA,NA
20702,2019,NA,NA,NA,NA,NA,NA
20703,2019,NA,NA,NA,NA,NA,NA
20801,2019,NA,NA,NA,NA,NA,NA
20802,2019,NA,NA,NA,NA,NA,NA
20803,2019,NA,NA,NA,NA,NA,NA
20804,2019,NA,NA,NA,NA,NA,NA
20901,2019,NA,NA,NA,NA,NA,NA
20902,2019,NA,NA,NA,NA,NA,NA
20903,2019,NA,NA,NA,NA,NA,NA
20904,2019,NA,NA,NA,NA,NA,NA
21001,2019,NA,NA,NA,NA,NA,NA
21002,2019,NA,NA,NA,NA,NA,NA
21003,2019,NA,NA,NA,NA,NA,NA
21004,2019,NA,NA,NA,NA,NA,NA
21005,2019,NA,NA,NA,NA,NA,NA
21101,2019,NA,NA,NA,NA,NA,NA
21102,2019,NA,NA,NA,NA,NA,NA
21103,2019,NA,NA,NA,NA,NA,NA
21104,2019,NA,NA,NA,NA,NA,NA
21105,2019,NA,NA,NA,NA,NA,NA
21201,2019,NA,NA,NA,NA,NA,NA
21202,2019,NA,NA,NA,NA,NA,NA
21203,2019,NA,NA,NA,NA,NA,NA
21204,2019,NA,NA,NA,NA,NA,NA
21205,2019,NA,NA,NA,NA,NA,NA
21301,2019,NA,NA,NA,NA,NA,NA
21302,2019,NA,NA,NA,NA,NA,NA
21303,2019,NA,NA,NA,NA,NA,NA
21304,2019,NA,NA,NA,NA,NA,NA
21305,2019,NA,NA,NA,NA,NA,NA
21401,2019,NA,NA,NA,NA,NA,NA
21402,2019,NA,NA,NA,NA,NA,NA
21501,2019,NA,NA,NA,NA,NA,NA
21502,2019,NA,NA,NA,NA,NA,NA
21503,2019,NA,NA,NA,NA,NA,NA
21601,2019,NA,NA,NA,NA,NA,NA
21602,2019,NA,NA,NA,NA,NA,NA
21603,2019,NA,NA,NA,NA,NA,NA
21701,2019,NA,NA,NA,NA,NA,NA
21703,2019,NA,NA,NA,NA,NA,NA
21704,2019,NA,NA,NA,NA,NA,NA
30101,2019,NA,NA,NA,NA,NA,NA
30102,2019,NA,NA,NA,NA,NA,NA
30103,2019,NA,NA,NA,NA,NA,NA
30201,2019,NA,NA,NA,NA,NA,NA
30202,2019,NA,NA,NA,NA,NA,NA
30203,2019,NA,NA,NA,NA,NA,NA
30204,2019,NA,NA,NA,NA,NA,NA
30301,2019,NA,NA,NA,NA,NA,NA
30302,2019,NA,NA,NA,NA,NA,NA
30303,2019,NA,NA,NA,NA,NA,NA
30304,2019,NA,NA,NA,NA,NA,NA
30305,2019,NA,NA,NA,NA,NA,NA
30306,2019,NA,NA,NA,NA,NA,NA
30401,2019,NA,NA,NA,NA,NA,NA
30402,2019,NA,NA,NA,NA,NA,NA
30403,2019,NA,NA,NA,NA,NA,NA
30404,2019,NA,NA,NA,NA,NA,NA
30501,2019,NA,NA,NA,NA,NA,NA
30502,2019,NA,NA,NA,NA,NA,NA
30503,2019,NA,NA,NA,NA,NA,NA
30504,2019,NA,NA,NA,NA,NA,NA
30601,2019,NA,NA,NA,NA,NA,NA
30602,2019,NA,NA,NA,NA,NA,NA
30603,2019,NA,NA,NA,NA,NA,NA
30604,2019,NA,NA,NA,NA,NA,NA
30605,2019,NA,NA,NA,NA,NA,NA
30701,2019,NA,NA,NA,NA,NA,NA
30702,2019,NA,NA,NA,NA,NA,NA
30703,2019,NA,NA,NA,NA,NA,NA
30801,2019,NA,NA,NA,NA,NA,NA
30803,2019,NA,NA,NA,NA,NA,NA
30804,2019,NA,NA,NA,NA,NA,NA
30805,2019,NA,NA,NA,NA,NA,NA
30901,2019,NA,NA,NA,NA,NA,NA
30902,2019,NA,NA,NA,NA,NA,NA
30903,2019,NA,NA,NA,NA,NA,NA
30904,2019,NA,NA,NA,NA,NA,NA
30905,2019,NA,NA,NA,NA,NA,NA
30906,2019,NA,NA,NA,NA,NA,NA
30907,2019,NA,NA,NA,NA,NA,NA
30908,2019,NA,NA,NA,NA,NA,NA
30909,2019,NA,NA,NA,NA,NA,NA
30910,2019,NA,NA,NA,NA,NA,NA
31001,2019,NA,NA,NA,NA,NA,NA
31002,2019,NA,NA,NA,NA,NA,NA
31003,2019,NA,NA,NA,NA,NA,NA
31004,2019,NA,NA,NA,NA,NA,NA
31101,2019,NA,NA,NA,NA,NA,NA
31102,2019,NA,NA,NA,NA,NA,NA
31103,2019,NA,NA,NA,NA,NA,NA
31104,2019,NA,NA,NA,NA,NA,NA
31105,2019,NA,NA,NA,NA,NA,NA
31106,2019,NA,NA,NA,NA,NA,NA
31201,2019,NA,NA,NA,NA,NA,NA
31202,2019,NA,NA,NA,NA,NA,NA
31203,2019,NA,NA,NA,NA,NA,NA
31301,2019,NA,NA,NA,NA,NA,NA
31302,2019,NA,NA,NA,NA,NA,NA
31303,2019,NA,NA,NA,NA,NA,NA
31304,2019,NA,NA,NA,NA,NA,NA
31305,2019,NA,NA,NA,NA,NA,NA
31401,2019,NA,NA,NA,NA,NA,NA
31402,2019,NA,NA,NA,NA,NA,NA
31403,2019,NA,NA,NA,NA,NA,NA
31501,2019,NA,NA,NA,NA,NA,NA
31502,2019,NA,NA,NA,NA,NA,NA
31503,2019,NA,NA,NA,NA,NA,NA
31601,2019,NA,NA,NA,NA,NA,NA
31602,2019,NA,NA,NA,NA,NA,NA
31603,2019,NA,NA,NA,NA,NA,NA
31605,2019,NA,NA,NA,NA,NA,NA
31606,2019,NA,NA,NA,NA,NA,NA
31607,2019,NA,NA,NA,NA,NA,NA
31608,2019,NA,NA,NA,NA,NA,NA
31701,2019,NA,NA,NA,NA,NA,NA
31801,2019,NA,NA,NA,NA,NA,NA
31802,2019,NA,NA,NA,NA,NA,NA
31901,2019,NA,NA,NA,NA,NA,NA
31902,2019,NA,NA,NA,NA,NA,NA
31903,2019,NA,NA,NA,NA,NA,NA
31904,2019,NA,NA,NA,NA,NA,NA
31905,2019,NA,NA,NA,NA,NA,NA
40101,2019,NA,NA,NA,NA,NA,NA
40102,2019,NA,NA,NA,NA,NA,NA
40103,2019,NA,NA,NA,NA,NA,NA
40104,2019,NA,NA,NA,NA,NA,NA
40105,2019,NA,NA,NA,NA,NA,NA
40106,2019,NA,NA,NA,NA,NA,NA
40107,2019,NA,NA,NA,NA,NA,NA
40201,2019,NA,NA,NA,NA,NA,NA
40202,2019,NA,NA,NA,NA,NA,NA
40203,2019,NA,NA,NA,NA,NA,NA
40204,2019,NA,NA,NA,NA,NA,NA
40205,2019,NA,NA,NA,NA,NA,NA
40301,2019,NA,NA,NA,NA,NA,NA
40302,2019,NA,NA,NA,NA,NA,NA
40303,2019,NA,NA,NA,NA,NA,NA
40304,2019,NA,NA,NA,NA,NA,NA
40401,2019,NA,NA,NA,NA,NA,NA
40402,2019,NA,NA,NA,NA,NA,NA
40403,2019,NA,NA,NA,NA,NA,NA
40501,2019,NA,NA,NA,NA,NA,NA
40502,2019,NA,NA,NA,NA,NA,NA
40503,2019,NA,NA,NA,NA,NA,NA
40504,2019,NA,NA,NA,NA,NA,NA
40601,2019,NA,NA,NA,NA,NA,NA
40602,2019,NA,NA,NA,NA,NA,NA
40701,2019,NA,NA,NA,NA,NA,NA
40702,2019,NA,NA,NA,NA,NA,NA
40703,2019,NA,NA,NA,NA,NA,NA
50101,2019,NA,NA,NA,NA,NA,NA
50102,2019,NA,NA,NA,NA,NA,NA
50103,2019,NA,NA,NA,NA,NA,NA
50201,2019,NA,NA,NA,NA,NA,NA
50301,2019,NA,NA,NA,NA,NA,NA
50302,2019,NA,NA,NA,NA,NA,NA
50401,2019,NA,NA,NA,NA,NA,NA
50402,2019,NA,NA,NA,NA,NA,NA
50403,2019,NA,NA,NA,NA,NA,NA
50501,2019,NA,NA,NA,NA,NA,NA
50502,2019,NA,NA,NA,NA,NA,NA
50503,2019,NA,NA,NA,NA,NA,NA
50601,2019,NA,NA,NA,NA,NA,NA
50602,2019,NA,NA,NA,NA,NA,NA
50603,2019,NA,NA,NA,NA,NA,NA
50604,2019,NA,NA,NA,NA,NA,NA
50605,2019,NA,NA,NA,NA,NA,NA
50606,2019,NA,NA,NA,NA,NA,NA
50607,2019,NA,NA,NA,NA,NA,NA
50701,2019,NA,NA,NA,NA,NA,NA
50702,2019,NA,NA,NA,NA,NA,NA
50703,2019,NA,NA,NA,NA,NA,NA
50704,2019,NA,NA,NA,NA,NA,NA
50705,2019,NA,NA,NA,NA,NA,NA
50901,2019,NA,NA,NA,NA,NA,NA
50902,2019,NA,NA,NA,NA,NA,NA
50903,2019,NA,NA,NA,NA,NA,NA
51001,2019,NA,NA,NA,NA,NA,NA
51002,2019,NA,NA,NA,NA,NA,NA
51003,2019,NA,NA,NA,NA,NA,NA
51101,2019,NA,NA,NA,NA,NA,NA
51102,2019,NA,NA,NA,NA,NA,NA
51103,2019,NA,NA,NA,NA,NA,NA
51104,2019,NA,NA,NA,NA,NA,NA
60101,2019,NA,NA,NA,NA,NA,NA
60102,2019,NA,NA,NA,NA,NA,NA
60103,2019,NA,NA,NA,NA,NA,NA
60104,2019,NA,NA,NA,NA,NA,NA
60105,2019,NA,NA,NA,NA,NA,NA
60106,2019,NA,NA,NA,NA,NA,NA
60201,2019,NA,NA,NA,NA,NA,NA
60202,2019,NA,NA,NA,NA,NA,NA
60203,2019,NA,NA,NA,NA,NA,NA
60301,2019,NA,NA,NA,NA,NA,NA
60302,2019,NA,NA,NA,NA,NA,NA
60303,2019,NA,NA,NA,NA,NA,NA
60401,2019,NA,NA,NA,NA,NA,NA
60402,2019,NA,NA,NA,NA,NA,NA
60403,2019,NA,NA,NA,NA,NA,NA
70101,2019,NA,NA,NA,NA,NA,NA
70102,2019,NA,NA,NA,NA,NA,NA
70103,2019,NA,NA,NA,NA,NA,NA
70104,2019,NA,NA,NA,NA,NA,NA
70201,2019,NA,NA,NA,NA,NA,NA
70202,2019,NA,NA,NA,NA,NA,NA
70203,2019,NA,NA,NA,NA,NA,NA
70204,2019,NA,NA,NA,NA,NA,NA
70205,2019,NA,NA,NA,NA,NA,NA
80101,2019,NA,NA,NA,NA,NA,NA
80103,2019,NA,NA,NA,NA,NA,NA
80104,2019,NA,NA,NA,NA,NA,NA
80105,2019,NA,NA,NA,NA,NA,NA
80106,2019,NA,NA,NA,NA,NA,NA
80107,2019,NA,NA,NA,NA,NA,NA
80108,2019,NA,NA,NA,NA,NA,NA
80109,2019,NA,NA,NA,NA,NA,NA
80110,2019,NA,NA,NA,NA,NA,NA
80111,2019,NA,NA,NA,NA,NA,NA
